backcross_non_II,current_rob_non_II,anc_rob_non_II,non_II_t0,non_II_t1,backcross_II,other_back_II,self_back_II,current_freq,current_rob_II,anc_rob_II,II_t0,II_t1,N,r,stp,Ne,Sim
0.94,0.857,0.744,3,33,0.94,0.12,0.86,0.54,0.843,0.814,48,128,100,0.01,0,36.556,0
0.98,0.707,0.72,11,42,0.94,0.35,0.83,0.52,0.702,0.68,26,104,100,0.01,0,52.194,1
0.85,0.621,0.653,14,72,0.85,0.15,0.91,0.58,0.638,0.653,14,60,100,0.01,0,39.88,2
1.0,0.825,0.887,3,50,1.0,0.48,1.0,1.0,0.8,0.872,61,219,100,0.01,0,59.888,3
1.0,0.845,0.857,3,47,1.0,0.35,0.99,0.54,0.879,0.876,165,205,100,0.01,0,42.846,4
0.8,0.661,0.688,34,63,0.3,0.06,0.73,0.51,0.711,0.665,160,180,100,0.01,0,76.706,5
1.0,0.683,0.758,98,116,1.0,0.15,0.99,0.51,0.736,0.716,197,265,100,0.01,0,101.8,6
0.19,0.425,0.33,37,77,0.97,0.43,1.0,1.0,0.689,0.313,32,264,100,0.01,0,51.1,7
0.63,0.708,0.701,48,71,0.95,0.14,0.89,0.52,0.706,0.75,191,214,100,0.01,0,43.72,8
0.99,0.616,0.584,24,59,0.68,0.32,0.69,0.51,0.59,0.662,102,142,100,0.01,0,49.207,9
1.0,0.703,0.75,21,49,1.0,0.44,1.0,0.99,0.788,0.75,21,213,100,0.01,0,52.517,10
0.97,0.684,0.712,13,45,0.97,0.48,1.0,0.51,0.7,0.712,13,51,100,0.01,0,64.248,11
0.93,0.77,0.799,6,69,0.91,0.49,0.97,0.66,0.69,0.783,5,84,100,0.01,0,30.53,12
1.0,0.59,0.563,5,22,0.96,0.44,0.94,0.5,0.538,0.649,36,85,100,0.01,0,80.488,13
1.0,0.872,0.795,34,96,0.95,0.46,1.0,0.67,0.862,0.814,115,226,100,0.01,0,164.676,14
0.75,0.661,0.675,45,69,1.0,0.42,0.89,0.51,0.599,0.692,64,115,100,0.01,0,45.503,15
1.0,0.57,0.514,22,97,0.94,0.47,1.0,1.0,0.685,0.559,89,322,100,0.01,0,90.521,16
1.0,0.694,0.631,11,53,0.74,0.49,0.99,0.57,0.51,0.504,131,173,100,0.01,0,36.01,17
0.99,0.797,0.744,13,58,0.67,0.46,1.0,0.55,0.676,0.722,33,108,100,0.01,0,58.383,18
0.85,0.793,0.765,1,57,0.85,0.49,0.99,0.52,0.815,0.765,1,29,100,0.01,0,201.83,19
1.0,0.828,0.785,1,47,0.63,0.12,0.96,0.5,0.604,0.807,58,94,100,0.01,0,89.559,20
1.0,0.756,0.78,22,51,0.24,0.49,0.87,0.5,0.797,0.79,92,137,100,0.01,0,60.742,21
1.0,0.657,0.645,3,45,0.33,0.17,0.81,0.5,0.654,0.674,30,76,100,0.01,0,51.123,22
1.0,0.803,0.689,24,58,0.72,0.29,0.88,0.51,0.758,0.697,5,38,100,0.01,0,31.418,23
0.85,0.783,0.766,21,42,0.49,0.13,0.89,0.58,0.705,0.732,55,97,100,0.01,0,44.002,24
0.95,0.647,0.635,41,75,0.87,0.46,1.0,0.99,0.618,0.623,60,240,100,0.01,0,60.517,25
0.98,0.805,0.774,44,95,0.61,0.27,0.77,0.5,0.768,0.717,23,83,100,0.01,0,58.015,26
0.98,0.467,0.539,44,62,0.7,0.46,0.94,0.92,0.397,0.507,20,84,100,0.01,0,114.221,27
0.98,0.724,0.764,2,49,0.82,0.24,1.0,0.51,0.778,0.789,216,267,100,0.01,0,65.04,28
0.82,0.813,0.812,11,34,0.88,0.44,1.0,1.0,0.879,0.849,60,133,100,0.01,0,33.0,29
0.95,0.65,0.654,12,36,0.75,0.05,0.94,0.53,0.644,0.623,93,121,100,0.01,0,167.05,30
1.0,0.718,0.734,83,126,0.96,0.13,0.85,0.5,0.514,0.73,227,282,100,0.01,0,56.466,31
1.0,0.699,0.536,4,79,0.97,0.46,0.84,0.53,0.577,0.702,66,106,100,0.01,0,37.171,32
1.0,0.585,0.543,13,45,0.19,0.15,0.79,0.55,0.596,0.56,78,128,100,0.01,0,70.245,33
1.0,0.716,0.659,40,96,0.26,0.22,0.52,0.51,0.67,0.715,116,167,100,0.01,0,157.238,34
0.63,0.547,0.635,15,39,0.63,0.47,0.71,0.51,0.565,0.635,15,35,100,0.01,0,62.099,35
0.92,0.78,0.73,42,63,0.92,0.42,0.87,0.51,0.763,0.803,201,253,100,0.01,0,36.818,36
1.0,0.501,0.572,28,50,0.52,0.48,0.8,0.6,0.501,0.585,11,50,100,0.01,0,49.362,37
0.9,0.902,0.944,2,38,0.85,0.47,0.78,0.52,0.763,0.895,64,101,100,0.01,0,44.516,38
0.76,0.764,0.821,21,61,0.61,0.07,0.97,0.54,0.741,0.756,1,64,100,0.01,0,31.522,39
1.0,0.624,0.579,16,41,0.91,0.17,1.0,0.52,0.662,0.604,22,126,100,0.01,0,38.971,40
0.71,0.684,0.719,31,101,0.71,0.49,1.0,1.0,0.601,0.719,31,243,100,0.01,0,49.9,41
1.0,0.649,0.74,14,42,0.69,0.5,0.78,0.51,0.609,0.709,24,66,100,0.01,0,33.376,42
1.0,0.883,0.736,17,47,0.95,0.17,0.97,0.5,0.727,0.874,128,214,100,0.01,0,215.398,43
0.99,0.69,0.732,3,18,0.14,0.09,0.84,0.55,0.568,0.663,18,102,100,0.01,0,73.05,44
0.98,0.704,0.771,7,39,0.91,0.5,1.0,0.84,0.525,0.69,40,148,100,0.01,0,56.924,45
1.0,0.863,0.833,19,93,0.96,0.42,0.85,0.54,0.791,0.832,67,167,100,0.01,0,52.578,46
1.0,0.67,0.634,38,64,0.88,0.43,0.53,0.5,0.576,0.655,112,144,100,0.01,0,53.872,47
1.0,0.507,0.362,5,23,0.98,0.24,0.89,0.5,0.587,0.588,144,193,100,0.01,0,105.661,48
0.53,0.655,0.633,29,63,0.29,0.49,0.99,0.74,0.701,0.651,33,111,100,0.01,0,39.983,49
0.95,0.667,0.664,38,92,0.88,0.08,1.0,0.55,0.76,0.712,96,121,100,0.01,0,37.407,50
1.0,0.487,0.463,67,127,0.68,0.46,1.0,1.0,0.555,0.508,115,273,100,0.01,0,95.907,51
1.0,0.447,0.511,21,75,0.45,0.23,0.55,0.5,0.624,0.559,132,170,100,0.01,0,58.347,52
1.0,0.714,0.76,6,41,0.48,0.22,0.64,0.51,0.587,0.662,53,88,100,0.01,0,26.476,53
1.0,0.592,0.613,29,119,0.95,0.49,0.97,0.61,0.552,0.519,150,206,100,0.01,0,49.103,54
1.0,0.636,0.584,4,40,0.24,0.45,0.67,0.67,0.639,0.604,68,151,100,0.01,0,35.649,55
0.85,0.63,0.653,11,53,0.74,0.5,0.83,0.53,0.597,0.554,86,151,100,0.01,0,29.058,56
0.73,0.677,0.685,33,86,1.0,0.33,0.93,0.51,0.603,0.649,95,144,100,0.01,0,112.206,57
0.83,0.53,0.604,15,49,0.17,0.47,0.74,0.67,0.605,0.575,151,213,100,0.01,0,200.195,58
0.9,0.683,0.659,13,42,0.9,0.5,0.98,0.75,0.643,0.696,42,190,100,0.01,0,41.789,59
0.92,0.678,0.793,29,67,0.91,0.48,1.0,1.0,0.726,0.749,26,120,100,0.01,0,37.163,60
0.8,0.647,0.624,6,90,0.9,0.43,1.0,0.53,0.646,0.678,38,121,100,0.01,0,91.372,61
0.75,0.696,0.736,22,49,0.75,0.5,0.94,0.64,0.653,0.736,22,66,100,0.01,0,41.893,62
0.99,0.885,0.867,53,110,0.61,0.49,0.93,0.54,0.746,0.823,149,205,100,0.01,0,63.935,63
0.84,0.586,0.542,26,68,0.81,0.48,0.81,0.51,0.685,0.729,122,163,100,0.01,0,47.432,64
0.74,0.797,0.75,11,57,0.59,0.29,0.82,0.57,0.731,0.814,74,118,100,0.01,0,80.35,65
0.98,0.569,0.514,35,72,1.0,0.22,1.0,0.55,0.643,0.633,160,294,100,0.01,0,59.905,66
0.98,0.682,0.73,106,163,0.46,0.47,0.68,0.5,0.688,0.798,97,139,100,0.01,0,93.57,67
0.95,0.734,0.739,45,83,0.49,0.47,0.62,0.52,0.669,0.6,153,189,100,0.01,0,62.52,68
0.97,0.613,0.731,9,53,0.26,0.18,0.59,0.56,0.68,0.675,26,73,100,0.01,0,48.19,69
0.91,0.756,0.705,35,68,1.0,0.24,1.0,0.56,0.84,0.804,99,150,100,0.01,0,68.071,70
0.98,0.734,0.684,29,71,0.9,0.47,1.0,0.62,0.692,0.669,142,205,100,0.01,0,85.063,71
1.0,0.601,0.595,6,79,0.94,0.49,1.0,0.89,0.544,0.602,33,103,100,0.01,0,52.19,72
1.0,0.787,0.759,48,114,0.99,0.47,0.9,0.5,0.696,0.767,187,282,100,0.01,0,43.6,73
0.42,0.602,0.66,25,65,0.42,0.4,0.99,0.52,0.66,0.66,25,112,100,0.01,0,180.22,74
1.0,0.781,0.766,22,57,0.31,0.43,0.72,0.54,0.797,0.809,123,165,100,0.01,0,145.017,75
1.0,0.774,0.831,6,48,0.81,0.48,0.97,0.5,0.844,0.764,53,96,100,0.01,0,96.694,76
0.95,0.578,0.562,20,64,0.93,0.23,0.74,0.5,0.587,0.562,97,134,100,0.01,0,62.218,77
1.0,0.874,0.893,4,44,0.81,0.41,1.0,0.52,0.767,0.838,65,108,100,0.01,0,34.704,78
1.0,0.599,0.556,32,106,0.86,0.45,0.73,0.54,0.559,0.625,127,280,100,0.01,0,36.956,79
0.91,0.624,0.53,2,20,0.55,0.26,0.99,0.5,0.544,0.603,60,198,100,0.01,0,32.498,80
0.91,0.682,0.714,3,35,0.91,0.44,0.81,0.53,0.637,0.714,3,47,100,0.01,0,78.626,81
0.83,0.611,0.641,17,40,0.82,0.5,0.67,0.5,0.61,0.649,9,142,100,0.01,0,55.639,82
0.99,0.616,0.683,21,37,1.0,0.45,1.0,0.79,0.839,0.589,71,323,100,0.01,0,62.527,83
1.0,0.566,0.673,2,24,0.18,0.3,0.61,0.5,0.553,0.624,9,23,100,0.01,0,60.437,84
0.94,0.832,0.844,19,78,0.97,0.49,1.0,1.0,0.724,0.868,15,306,100,0.01,0,32.045,85
0.95,0.633,0.496,15,91,0.68,0.48,1.0,0.92,0.624,0.572,77,157,100,0.01,0,42.781,86
1.0,0.648,0.827,36,74,0.98,0.18,0.98,0.51,0.634,0.79,115,195,100,0.01,0,81.441,87
1.0,0.755,0.855,48,131,0.83,0.46,0.96,0.84,0.605,0.731,118,257,100,0.01,0,47.274,88
0.97,0.802,0.875,14,65,1.0,0.48,1.0,1.0,0.955,0.893,177,392,100,0.01,0,35.984,89
1.0,0.893,0.87,4,56,0.67,0.5,1.0,0.98,0.72,0.869,67,208,100,0.01,0,48.293,90
0.87,0.693,0.647,4,40,0.51,0.33,0.89,0.52,0.611,0.635,10,130,100,0.01,0,91.535,91
0.92,0.765,0.715,25,59,0.81,0.44,1.0,0.69,0.656,0.709,19,113,100,0.01,0,46.99,92
0.54,0.597,0.581,20,58,1.0,0.5,1.0,0.99,0.708,0.54,75,257,100,0.01,0,123.851,93
1.0,0.782,0.803,76,110,1.0,0.5,1.0,1.0,0.798,0.803,66,231,100,0.01,0,53.075,94
0.95,0.602,0.628,6,32,0.88,0.5,0.88,0.88,0.709,0.731,175,288,100,0.01,0,61.688,95
1.0,0.748,0.85,39,65,0.89,0.33,0.83,0.56,0.683,0.778,57,153,100,0.01,0,59.499,96
0.72,0.747,0.625,24,64,0.96,0.49,1.0,1.0,0.653,0.703,50,237,100,0.01,0,48.701,97
1.0,0.836,0.812,37,79,0.86,0.48,1.0,0.53,0.791,0.714,302,381,100,0.01,0,88.548,98
0.95,0.748,0.752,57,138,0.81,0.48,0.93,0.74,0.738,0.72,97,242,100,0.01,0,238.329,99
1.0,0.741,0.626,4,47,0.91,0.29,0.74,0.54,0.623,0.667,164,356,100,0.01,0,145.053,100
1.0,0.668,0.631,17,48,0.19,0.39,0.8,0.54,0.634,0.608,110,151,100,0.01,0,76.473,101
1.0,0.7,0.766,6,35,1.0,0.48,1.0,1.0,0.736,0.766,6,73,100,0.01,0,51.503,102
0.68,0.709,0.688,9,53,0.52,0.21,0.81,0.52,0.814,0.728,64,133,100,0.01,0,40.198,103
1.0,0.658,0.596,1,24,0.82,0.41,1.0,0.51,0.591,0.641,90,154,100,0.01,0,100.654,104
1.0,0.674,0.653,22,47,0.94,0.08,0.95,0.56,0.514,0.676,58,106,100,0.01,0,165.862,105
1.0,0.617,0.653,47,85,0.95,0.5,1.0,0.77,0.761,0.735,141,265,100,0.01,0,57.913,106
0.97,0.797,0.868,3,79,0.25,0.43,0.6,0.55,0.775,0.789,102,152,100,0.01,0,29.708,107
1.0,0.565,0.524,6,45,0.33,0.43,0.96,0.59,0.562,0.612,27,111,100,0.01,0,34.883,108
0.99,0.718,0.641,5,28,0.99,0.5,0.96,0.82,0.741,0.641,5,100,100,0.01,0,64.013,109
0.8,0.517,0.54,15,44,0.8,0.47,1.0,0.97,0.631,0.54,15,118,100,0.01,0,85.123,110
1.0,0.637,0.657,76,116,1.0,0.25,1.0,0.5,0.703,0.684,83,169,100,0.01,0,143.533,111
0.91,0.754,0.758,14,33,1.0,0.12,1.0,0.52,0.844,0.817,148,201,100,0.01,0,56.561,112
1.0,0.834,0.785,1,37,0.79,0.27,0.87,0.52,0.723,0.876,62,113,100,0.01,0,81.597,113
1.0,0.717,0.749,13,33,0.76,0.47,0.89,0.52,0.611,0.599,164,205,100,0.01,0,27.413,114
0.49,0.569,0.573,91,111,0.97,0.2,1.0,0.53,0.573,0.593,87,103,100,0.01,0,114.315,115
0.96,0.782,0.815,77,99,0.88,0.35,1.0,0.5,0.723,0.896,156,281,100,0.01,0,89.73,116
1.0,0.671,0.537,16,55,0.84,0.23,0.95,0.53,0.773,0.716,65,169,100,0.01,0,97.488,117
0.85,0.697,0.69,12,41,0.89,0.43,0.96,0.54,0.583,0.68,9,58,100,0.01,0,51.193,118
0.82,0.713,0.817,22,60,0.54,0.49,0.59,0.52,0.79,0.781,36,151,100,0.01,0,55.166,119
0.98,0.686,0.807,32,78,0.91,0.5,1.0,0.76,0.679,0.703,145,229,100,0.01,0,70.318,120
0.86,0.688,0.761,3,71,0.93,0.47,0.96,0.53,0.771,0.72,60,98,100,0.01,0,162.198,121
0.8,0.633,0.689,16,33,0.96,0.4,0.98,0.51,0.741,0.67,4,184,100,0.01,0,210.851,122
0.79,0.562,0.523,39,85,0.57,0.28,0.66,0.51,0.572,0.61,15,54,100,0.01,0,37.432,123
0.34,0.802,0.775,1,65,0.97,0.46,1.0,0.97,0.663,0.759,266,398,100,0.01,0,33.485,124
0.99,0.685,0.661,26,93,1.0,0.43,0.87,0.6,0.685,0.654,31,93,100,0.01,0,54.883,125
0.98,0.509,0.645,40,70,0.6,0.33,0.7,0.54,0.551,0.651,177,217,100,0.01,0,191.821,126
0.93,0.53,0.721,19,53,1.0,0.49,1.0,1.0,0.737,0.599,122,293,100,0.01,0,84.34,127
1.0,0.692,0.641,15,82,1.0,0.49,1.0,1.0,0.808,0.632,23,200,100,0.01,0,66.306,128
0.97,0.833,0.848,28,43,0.95,0.48,1.0,0.8,0.959,0.93,16,74,100,0.01,0,32.676,129
0.98,0.79,0.85,20,49,0.94,0.4,1.0,0.53,0.766,0.85,178,215,100,0.01,0,27.841,130
1.0,0.628,0.71,52,142,0.94,0.46,0.74,0.51,0.675,0.719,105,156,100,0.01,0,30.794,131
0.8,0.521,0.618,12,49,0.18,0.13,0.53,0.53,0.611,0.576,90,116,100,0.01,0,56.503,132
0.97,0.675,0.695,71,112,1.0,0.49,1.0,0.52,0.658,0.688,84,149,100,0.01,0,101.159,133
1.0,0.729,0.634,16,29,0.94,0.47,1.0,0.53,0.778,0.74,53,96,100,0.01,0,42.822,134
0.88,0.529,0.58,27,64,1.0,0.49,1.0,1.0,0.653,0.56,32,158,100,0.01,0,41.358,135
1.0,0.682,0.634,5,64,0.84,0.5,1.0,0.99,0.749,0.625,119,305,100,0.01,0,63.816,136
0.98,0.738,0.764,31,63,0.89,0.45,0.92,0.84,0.635,0.769,29,140,100,0.01,0,88.353,137
1.0,0.459,0.37,23,65,0.99,0.08,0.92,0.52,0.429,0.388,32,140,100,0.01,0,76.88,138
1.0,0.521,0.543,27,122,0.92,0.48,1.0,0.75,0.548,0.582,157,237,100,0.01,0,32.709,139
0.97,0.708,0.642,33,85,0.92,0.48,0.88,0.88,0.688,0.725,92,253,100,0.01,0,33.719,140
0.98,0.676,0.648,24,44,0.83,0.5,0.62,0.53,0.618,0.672,33,79,100,0.01,0,39.167,141
0.95,0.807,0.866,12,70,0.91,0.48,1.0,1.0,0.571,0.832,60,559,100,0.01,0,57.327,142
0.89,0.598,0.658,84,132,0.57,0.26,0.89,0.56,0.628,0.681,80,121,100,0.01,0,49.839,143
1.0,0.7,0.652,29,76,0.71,0.47,0.8,0.54,0.698,0.663,100,155,100,0.01,0,50.106,144
1.0,0.633,0.689,19,66,0.64,0.28,1.0,0.51,0.683,0.591,59,145,100,0.01,0,86.136,145
1.0,0.809,0.728,11,50,0.78,0.29,0.86,0.51,0.669,0.733,88,125,100,0.01,0,35.292,146
1.0,0.863,0.812,6,26,0.96,0.45,1.0,0.85,0.704,0.845,29,131,100,0.01,0,55.972,147
1.0,0.73,0.751,1,29,0.57,0.49,1.0,1.0,0.603,0.727,30,219,100,0.01,0,73.837,148
0.97,0.584,0.539,105,134,0.94,0.35,0.98,0.53,0.553,0.53,268,348,100,0.01,0,106.07,149
0.78,0.59,0.673,8,42,0.87,0.5,1.0,0.91,0.662,0.629,17,189,100,0.01,0,49.483,150
0.98,0.705,0.639,33,56,0.98,0.49,0.96,0.62,0.673,0.639,33,87,100,0.01,0,56.013,151
1.0,0.712,0.791,27,65,0.34,0.07,0.67,0.5,0.643,0.818,22,80,100,0.01,0,38.924,152
1.0,0.709,0.603,20,40,0.92,0.45,1.0,0.53,0.624,0.577,5,76,100,0.01,0,83.497,153
1.0,0.613,0.601,10,61,0.97,0.07,0.81,0.53,0.718,0.717,93,140,100,0.01,0,67.236,154
0.96,0.897,0.775,3,48,0.79,0.01,0.7,0.5,0.846,0.908,237,300,100,0.01,0,45.131,155
0.89,0.789,0.764,21,56,0.99,0.46,1.0,0.55,0.735,0.763,274,320,100,0.01,0,54.909,156
0.98,0.704,0.662,19,62,0.81,0.22,0.92,0.51,0.513,0.654,82,180,100,0.01,0,112.499,157
0.78,0.54,0.541,84,141,0.78,0.0,0.89,0.5,0.625,0.541,84,220,100,0.01,0,49.993,158
1.0,0.622,0.612,11,56,0.72,0.4,0.99,0.5,0.636,0.681,41,68,100,0.01,0,30.735,159
1.0,0.604,0.58,15,39,0.97,0.33,0.75,0.53,0.515,0.579,100,151,100,0.01,0,89.707,160
0.87,0.524,0.529,8,35,0.29,0.19,0.77,0.51,0.505,0.525,6,34,100,0.01,0,173.776,161
0.94,0.699,0.431,19,43,0.94,0.47,1.0,0.76,0.718,0.431,19,72,100,0.01,0,64.028,162
0.98,0.799,0.776,15,47,0.97,0.29,0.98,0.51,0.722,0.75,56,120,100,0.01,0,38.837,163
1.0,0.711,0.724,8,65,0.62,0.46,1.0,1.0,0.596,0.711,64,199,100,0.01,0,65.346,164
0.94,0.638,0.881,13,52,0.6,0.5,0.74,0.69,0.624,0.757,22,103,100,0.01,0,49.671,165
1.0,0.7,0.789,21,62,0.61,0.48,0.79,0.53,0.608,0.796,40,71,100,0.01,0,44.136,166
0.97,0.674,0.679,12,58,0.44,0.5,0.77,0.56,0.65,0.671,68,93,100,0.01,0,35.281,167
1.0,0.662,0.608,20,36,0.75,0.23,0.83,0.52,0.696,0.827,441,461,100,0.01,0,93.602,168
0.96,0.763,0.814,20,67,0.65,0.45,0.88,0.52,0.798,0.806,27,115,100,0.01,0,43.201,169
0.98,0.562,0.616,42,84,0.98,0.27,0.98,0.55,0.548,0.616,42,64,100,0.01,0,43.966,170
0.81,0.744,0.745,12,51,1.0,0.47,1.0,0.51,0.653,0.816,83,122,100,0.01,0,72.846,171
1.0,0.877,0.671,44,68,0.92,0.46,0.83,0.57,0.791,0.89,89,142,100,0.01,0,52.023,172
0.99,0.795,0.73,12,59,0.98,0.34,1.0,0.54,0.749,0.806,49,78,100,0.01,0,63.024,173
1.0,0.696,0.658,18,48,0.86,0.5,0.98,0.71,0.726,0.696,132,226,100,0.01,0,66.834,174
0.89,0.644,0.674,12,112,0.89,0.49,0.95,0.9,0.643,0.674,12,260,100,0.01,0,51.662,175
0.96,0.895,0.887,5,49,1.0,0.44,0.71,0.5,0.913,0.945,104,173,100,0.01,0,97.919,176
0.41,0.675,0.62,20,57,0.41,0.23,0.88,0.53,0.659,0.62,20,45,100,0.01,0,54.859,177
0.79,0.646,0.602,16,68,0.86,0.04,0.95,0.54,0.731,0.707,48,131,100,0.01,0,51.301,178
0.91,0.57,0.626,6,47,0.91,0.49,1.0,1.0,0.552,0.626,6,102,100,0.01,0,98.967,179
1.0,0.56,0.561,13,37,0.83,0.35,0.82,0.5,0.613,0.598,94,122,100,0.01,0,47.359,180
1.0,0.732,0.734,85,131,0.91,0.48,1.0,1.0,0.575,0.734,173,288,100,0.01,0,51.841,181
0.96,0.746,0.785,53,97,0.86,0.49,0.83,0.63,0.723,0.763,79,149,100,0.01,0,114.966,182
1.0,0.764,0.748,7,27,0.53,0.0,0.98,0.52,0.762,0.778,47,74,100,0.01,0,85.015,183
1.0,0.672,0.664,23,78,0.52,0.32,0.95,0.52,0.691,0.575,60,79,100,0.01,0,65.995,184
1.0,0.59,0.569,23,68,0.88,0.41,0.99,0.55,0.543,0.628,142,192,100,0.01,0,58.827,185
0.71,0.59,0.614,5,55,1.0,0.24,1.0,0.56,0.619,0.617,101,167,100,0.01,0,62.041,186
1.0,0.711,0.76,28,59,0.94,0.4,0.93,0.55,0.778,0.693,45,87,100,0.01,0,93.098,187
0.97,0.889,0.853,18,62,0.64,0.5,1.0,1.0,0.739,0.837,413,538,100,0.01,0,35.895,188
1.0,0.728,0.68,26,50,0.9,0.18,0.94,0.5,0.752,0.736,87,163,100,0.01,0,32.606,189
0.99,0.834,0.782,34,79,0.85,0.49,0.95,0.5,0.768,0.82,26,56,100,0.01,0,35.587,190
1.0,0.68,0.635,25,50,0.99,0.49,1.0,1.0,0.752,0.658,83,406,100,0.01,0,50.845,191
0.99,0.78,0.83,55,83,1.0,0.49,0.89,0.79,0.902,0.67,209,305,100,0.01,0,33.455,192
1.0,0.61,0.558,15,53,1.0,0.47,1.0,0.59,0.609,0.603,54,183,100,0.01,0,66.264,193
0.93,0.724,0.789,8,30,0.93,0.5,1.0,0.5,0.759,0.789,8,77,100,0.01,0,176.272,194
1.0,0.653,0.659,8,68,1.0,0.5,1.0,0.69,0.762,0.647,107,158,100,0.01,0,48.569,195
1.0,0.683,0.748,30,70,0.8,0.36,0.8,0.51,0.666,0.743,24,98,100,0.01,0,102.134,196
0.83,0.828,0.84,27,47,0.81,0.5,0.72,0.52,0.59,0.827,30,150,100,0.01,0,33.234,197
1.0,0.776,0.624,15,49,0.67,0.5,0.72,0.52,0.713,0.733,57,85,100,0.01,0,93.647,198
1.0,0.556,0.471,7,31,0.98,0.33,1.0,0.51,0.432,0.524,49,125,100,0.01,0,72.582,199
0.99,0.823,0.895,14,63,1.0,0.49,1.0,0.62,0.878,0.784,102,226,100,0.5,0,101.123,200
0.97,0.875,0.818,1,35,1.0,0.46,1.0,1.0,0.761,0.808,280,373,100,0.5,0,73.829,201
0.82,0.76,0.856,37,57,1.0,0.03,1.0,0.5,0.852,0.859,316,398,100,0.5,0,82.681,202
1.0,0.747,0.788,39,77,0.98,0.45,1.0,1.0,0.862,0.797,330,450,100,0.5,0,64.731,203
0.96,0.828,0.865,3,26,0.71,0.48,1.0,1.0,0.885,0.767,269,473,100,0.5,0,97.407,204
0.96,0.827,0.828,14,35,0.98,0.04,0.99,0.5,0.908,0.863,113,139,100,0.5,0,27.239,205
1.0,0.889,0.842,5,33,0.96,0.05,1.0,0.5,0.843,0.893,140,161,100,0.5,0,64.743,206
1.0,0.895,0.768,17,34,1.0,0.42,1.0,0.52,0.824,0.806,213,337,100,0.5,0,118.273,207
0.99,0.794,0.855,5,29,0.95,0.45,0.98,0.54,0.885,0.887,328,450,100,0.5,0,155.746,208
0.92,0.814,0.872,1,42,1.0,0.49,1.0,1.0,0.903,0.831,56,289,100,0.5,0,176.608,209
1.0,0.754,0.759,77,111,1.0,0.46,1.0,0.58,0.862,0.839,228,297,100,0.5,0,57.492,210
0.99,0.839,0.901,6,40,0.95,0.29,1.0,0.5,0.939,0.898,314,344,100,0.5,0,34.072,211
0.89,0.849,0.746,14,49,0.99,0.39,1.0,0.51,0.857,0.915,203,256,100,0.5,0,47.573,212
0.94,0.681,0.687,23,54,0.98,0.46,0.97,0.83,0.742,0.771,257,398,100,0.5,0,310.303,213
0.98,0.792,0.695,39,109,0.66,0.44,0.66,0.5,0.703,0.792,251,286,100,0.5,0,35.472,214
0.91,0.844,0.854,24,44,1.0,0.06,1.0,0.55,0.866,0.902,106,236,100,0.5,0,162.261,215
0.57,0.781,0.77,21,60,1.0,0.49,1.0,0.94,0.797,0.817,224,504,100,0.5,0,37.809,216
0.88,0.827,0.807,7,26,0.92,0.49,1.0,0.66,0.877,0.873,317,419,100,0.5,0,63.792,217
0.82,0.716,0.706,17,43,0.85,0.28,0.98,0.5,0.782,0.813,288,356,100,0.5,0,33.326,218
1.0,0.894,0.892,57,78,0.93,0.49,1.0,0.69,0.846,0.795,188,256,100,0.5,0,40.679,219
0.86,0.852,0.882,14,42,0.86,0.5,1.0,0.89,0.829,0.882,14,76,100,0.5,0,138.139,220
1.0,0.821,0.85,12,55,0.8,0.43,0.93,0.51,0.699,0.772,103,170,100,0.5,0,55.755,221
0.96,0.916,0.944,17,44,0.96,0.47,0.97,0.52,0.892,0.944,17,76,100,0.5,0,158.715,222
1.0,0.762,0.822,5,21,0.91,0.5,0.97,0.5,0.769,0.838,6,23,100,0.5,0,38.604,223
0.97,0.849,0.81,56,98,0.9,0.19,1.0,0.52,0.84,0.844,505,556,100,0.5,0,29.811,224
1.0,0.82,0.863,61,94,0.92,0.33,1.0,0.55,0.781,0.927,1,339,100,0.5,0,25.421,225
0.97,0.897,0.838,2,32,1.0,0.5,1.0,1.0,0.803,0.872,122,539,100,0.5,0,40.136,226
0.89,0.777,0.734,56,86,0.99,0.07,0.86,0.5,0.827,0.856,248,274,100,0.5,0,32.74,227
1.0,0.607,0.646,20,44,0.98,0.48,1.0,0.64,0.761,0.802,389,496,100,0.5,0,41.52,228
0.68,0.775,0.808,8,25,0.89,0.29,0.91,0.51,0.876,0.858,364,467,100,0.5,0,55.617,229
0.99,0.887,0.885,4,23,1.0,0.47,1.0,0.87,0.88,0.846,645,736,100,0.5,0,50.535,230
1.0,0.842,0.809,18,40,0.82,0.47,1.0,0.8,0.788,0.82,25,74,100,0.5,0,29.455,231
0.91,0.818,0.83,32,53,0.99,0.45,1.0,1.0,0.819,0.782,160,447,100,0.5,0,44.168,232
1.0,0.817,0.797,17,37,1.0,0.5,1.0,1.0,0.882,0.797,17,377,100,0.5,0,38.26,233
0.78,0.816,0.871,14,63,0.97,0.46,0.93,0.52,0.795,0.888,379,490,100,0.5,0,84.634,234
1.0,0.874,0.824,5,46,1.0,0.25,0.97,0.51,0.835,0.874,116,198,100,0.5,0,62.832,235
1.0,0.811,0.911,14,38,0.94,0.47,1.0,1.0,0.774,0.914,19,157,100,0.5,0,95.006,236
1.0,0.86,0.849,2,40,0.98,0.45,1.0,1.0,0.881,0.868,66,251,100,0.5,0,36.107,237
0.76,0.817,0.741,28,57,0.99,0.5,1.0,1.0,0.816,0.841,48,271,100,0.5,0,74.643,238
1.0,0.837,0.866,77,118,0.81,0.48,0.98,0.57,0.842,0.875,59,129,100,0.5,0,49.305,239
0.79,0.842,0.847,64,81,0.79,0.47,1.0,0.68,0.764,0.847,64,182,100,0.5,0,91.454,240
1.0,0.751,0.866,12,36,1.0,0.41,1.0,0.6,0.911,0.886,214,325,100,0.5,0,124.442,241
1.0,0.821,0.893,3,24,1.0,0.44,1.0,0.98,0.92,0.753,116,538,100,0.5,0,41.976,242
1.0,0.912,0.87,51,79,0.88,0.5,0.87,0.5,0.797,0.898,90,119,100,0.5,0,56.09,243
1.0,0.644,0.766,12,50,0.93,0.35,1.0,0.5,0.668,0.721,120,166,100,0.5,0,58.932,244
0.99,0.789,0.784,2,31,0.66,0.45,0.9,0.52,0.816,0.796,86,135,100,0.5,0,59.137,245
1.0,0.949,0.941,15,40,0.92,0.48,1.0,1.0,0.87,0.96,51,184,100,0.5,0,87.318,246
1.0,0.775,0.801,1,34,0.82,0.47,1.0,1.0,0.797,0.824,39,217,100,0.5,0,45.366,247
0.97,0.849,0.84,2,33,0.97,0.42,1.0,1.0,0.759,0.713,119,322,100,0.5,0,60.13,248
0.99,0.814,0.812,31,72,0.98,0.37,1.0,0.58,0.786,0.81,133,171,100,0.5,0,64.574,249
1.0,0.731,0.734,42,102,0.83,0.5,1.0,0.69,0.76,0.615,446,575,100,0.5,0,44.378,250
1.0,0.865,0.839,2,35,0.92,0.45,0.99,0.55,0.895,0.946,188,224,100,0.5,0,68.184,251
1.0,0.875,0.866,19,51,1.0,0.5,1.0,1.0,0.784,0.89,84,483,100,0.5,0,222.582,252
0.99,0.88,0.911,22,38,0.9,0.49,1.0,0.67,0.899,0.876,249,390,100,0.5,0,59.613,253
0.89,0.809,0.789,17,45,0.97,0.0,1.0,0.5,0.758,0.806,168,307,100,0.5,0,28.111,254
1.0,0.779,0.728,43,55,0.91,0.0,0.77,0.54,0.733,0.793,142,173,100,0.5,0,46.582,255
1.0,0.88,0.856,11,54,0.92,0.5,0.92,0.51,0.938,0.93,584,717,100,0.5,0,53.407,256
0.99,0.801,0.843,19,48,0.89,0.43,0.92,0.5,0.776,0.826,125,164,100,0.5,0,79.38,257
0.96,0.756,0.75,24,35,1.0,0.46,1.0,0.74,0.844,0.749,61,199,100,0.5,0,19.266,258
1.0,0.856,0.767,23,61,0.85,0.49,0.79,0.68,0.703,0.872,134,177,100,0.5,0,28.333,259
0.99,0.822,0.728,25,63,0.98,0.43,1.0,1.0,0.83,0.852,185,496,100,0.5,0,114.908,260
0.99,0.754,0.792,25,56,0.89,0.5,1.0,0.96,0.847,0.724,414,996,100,0.5,0,50.082,261
1.0,0.912,0.903,11,35,0.98,0.49,1.0,1.0,0.887,0.868,50,441,100,0.5,0,32.27,262
1.0,0.859,0.842,39,58,0.99,0.5,1.0,0.91,0.82,0.82,864,973,100,0.5,0,37.733,263
1.0,0.682,0.66,12,25,1.0,0.48,1.0,1.0,0.856,0.833,368,493,100,0.5,0,49.156,264
1.0,0.659,0.638,19,46,0.79,0.46,0.9,0.53,0.692,0.622,94,134,100,0.5,0,42.583,265
1.0,0.754,0.807,1,23,0.83,0.18,1.0,0.51,0.814,0.796,946,1007,100,0.5,0,60.703,266
1.0,0.812,0.827,19,37,1.0,0.49,1.0,0.53,0.849,0.856,58,132,100,0.5,0,36.688,267
0.62,0.713,0.788,17,80,0.62,0.46,0.99,0.54,0.703,0.788,17,75,100,0.5,0,27.259,268
0.98,0.832,0.902,1,26,0.97,0.49,1.0,1.0,0.763,0.89,2,247,100,0.5,0,107.859,269
1.0,0.7,0.721,28,57,0.06,0.03,0.71,0.52,0.7,0.73,30,57,100,0.5,0,50.192,270
1.0,0.914,0.845,23,37,0.98,0.48,1.0,0.71,0.823,0.869,94,149,100,0.5,0,121.718,271
0.53,0.792,0.832,6,23,0.53,0.46,0.81,0.63,0.784,0.832,6,27,100,0.5,0,49.442,272
1.0,0.83,0.797,13,41,0.97,0.47,1.0,0.54,0.879,0.837,41,95,100,0.5,0,123.659,273
0.88,0.764,0.781,33,52,0.82,0.5,1.0,1.0,0.804,0.751,48,356,100,0.5,0,59.391,274
1.0,0.789,0.767,30,73,0.97,0.45,1.0,1.0,0.794,0.722,21,151,100,0.5,0,47.775,275
1.0,0.925,0.887,2,81,0.97,0.47,0.98,0.68,0.849,0.893,104,185,100,0.5,0,62.551,276
0.98,0.776,0.752,9,30,1.0,0.49,1.0,0.77,0.686,0.744,111,279,100,0.5,0,26.973,277
0.93,0.863,0.791,29,63,0.95,0.47,0.97,0.56,0.784,0.887,294,394,100,0.5,0,263.214,278
0.99,0.655,0.678,6,63,0.99,0.44,1.0,1.0,0.75,0.749,217,353,100,0.5,0,33.322,279
1.0,0.849,0.7,25,52,0.91,0.16,0.94,0.52,0.855,0.855,67,100,100,0.5,0,33.614,280
0.89,0.783,0.841,41,60,0.71,0.07,0.96,0.52,0.85,0.839,150,174,100,0.5,0,27.376,281
1.0,0.83,0.858,31,53,0.81,0.24,1.0,0.52,0.721,0.77,209,379,100,0.5,0,40.351,282
0.98,0.605,0.609,21,59,0.36,0.09,0.69,0.53,0.723,0.721,90,126,100,0.5,0,61.237,283
1.0,0.928,0.95,10,97,1.0,0.49,1.0,0.97,0.825,0.94,107,397,100,0.5,0,76.12,284
0.91,0.653,0.717,31,72,0.97,0.5,1.0,1.0,0.801,0.832,316,537,100,0.5,0,84.943,285
1.0,0.784,0.806,2,31,1.0,0.48,1.0,1.0,0.841,0.874,439,728,100,0.5,0,41.111,286
0.91,0.767,0.877,19,55,0.91,0.42,0.91,0.5,0.803,0.877,19,46,100,0.5,0,35.18,287
0.92,0.862,0.843,12,34,0.89,0.06,1.0,0.52,0.872,0.855,921,1098,100,0.5,0,52.241,288
0.91,0.796,0.861,50,87,0.95,0.36,1.0,0.51,0.93,0.879,30,378,100,0.5,0,42.079,289
0.99,0.854,0.868,28,51,0.93,0.5,1.0,0.5,0.887,0.865,413,452,100,0.5,0,47.332,290
1.0,0.715,0.773,9,38,0.78,0.44,1.0,0.99,0.704,0.661,175,419,100,0.5,0,91.399,291
0.84,0.807,0.808,4,31,1.0,0.5,1.0,0.93,0.883,0.723,210,350,100,0.5,0,26.913,292
0.94,0.841,0.766,1,26,1.0,0.47,1.0,0.66,0.8,0.863,381,475,100,0.5,0,48.597,293
0.96,0.897,0.885,19,45,0.94,0.11,0.85,0.5,0.755,0.845,165,206,100,0.5,0,113.207,294
0.79,0.753,0.78,5,28,0.76,0.16,0.86,0.54,0.742,0.845,177,203,100,0.5,0,34.921,295
1.0,0.891,0.823,95,126,1.0,0.4,1.0,1.0,0.828,0.85,472,777,100,0.5,0,27.109,296
1.0,0.88,0.866,14,35,0.84,0.5,0.93,0.58,0.837,0.88,34,124,100,0.5,0,239.546,297
1.0,0.838,0.817,55,82,1.0,0.2,1.0,0.5,0.911,0.876,552,667,100,0.5,0,28.782,298
0.98,0.889,0.876,5,42,0.97,0.45,1.0,0.95,0.868,0.852,50,308,100,0.5,0,35.788,299
1.0,0.773,0.807,4,50,1.0,0.38,1.0,0.52,0.78,0.838,73,125,100,0.5,0,32.098,300
1.0,0.831,0.769,5,31,0.97,0.5,0.95,0.59,0.815,0.853,129,166,100,0.5,0,105.145,301
1.0,0.82,0.801,13,27,0.8,0.22,0.95,0.5,0.818,0.821,98,131,100,0.5,0,152.709,302
1.0,0.758,0.606,12,56,1.0,0.41,1.0,1.0,0.842,0.606,12,338,100,0.5,0,90.93,303
1.0,0.729,0.732,7,20,0.86,0.48,1.0,1.0,0.733,0.836,288,407,100,0.5,0,139.129,304
0.79,0.673,0.752,11,29,0.79,0.45,1.0,1.0,0.747,0.752,11,142,100,0.5,0,64.923,305
1.0,0.829,0.932,45,73,0.49,0.48,1.0,0.55,0.662,0.796,342,494,100,0.5,0,59.393,306
1.0,0.854,0.838,2,27,0.89,0.42,1.0,0.78,0.78,0.774,38,219,100,0.5,0,38.826,307
0.92,0.741,0.831,17,45,0.92,0.49,0.98,0.64,0.816,0.831,17,90,100,0.5,0,87.565,308
0.98,0.823,0.813,20,67,0.82,0.4,0.9,0.54,0.779,0.893,290,344,100,0.5,0,82.547,309
1.0,0.813,0.891,13,42,1.0,0.45,1.0,1.0,0.897,0.921,265,570,100,0.5,0,37.932,310
0.79,0.719,0.773,4,30,0.93,0.5,0.94,0.68,0.643,0.7,113,168,100,0.5,0,67.841,311
1.0,0.793,0.87,13,60,0.9,0.43,1.0,0.64,0.75,0.786,58,85,100,0.5,0,66.237,312
1.0,0.854,0.905,17,50,0.99,0.48,1.0,0.94,0.862,0.867,79,457,100,0.5,0,235.234,313
0.45,0.661,0.647,10,28,0.45,0.41,0.68,0.58,0.669,0.647,10,26,100,0.5,0,32.435,314
0.99,0.717,0.846,9,39,1.0,0.44,0.99,0.75,0.898,0.871,140,283,100,0.5,0,72.013,315
1.0,0.737,0.752,3,36,0.88,0.46,1.0,0.59,0.755,0.776,6,70,100,0.5,0,37.486,316
1.0,0.733,0.66,1,31,0.96,0.43,0.99,0.5,0.73,0.745,121,170,100,0.5,0,60.336,317
1.0,0.868,0.843,8,38,0.88,0.08,0.95,0.52,0.866,0.851,91,127,100,0.5,0,29.315,318
0.96,0.865,0.93,42,67,0.95,0.44,1.0,0.55,0.824,0.885,319,408,100,0.5,0,88.348,319
0.85,0.772,0.677,32,56,0.96,0.47,1.0,0.54,0.8,0.796,175,237,100,0.5,0,67.744,320
0.82,0.792,0.709,76,126,0.89,0.49,0.96,0.5,0.785,0.733,172,219,100,0.5,0,30.274,321
0.84,0.77,0.771,2,38,0.76,0.41,0.92,0.58,0.656,0.8,421,504,100,0.5,0,102.523,322
0.99,0.803,0.814,8,63,0.83,0.49,0.86,0.55,0.687,0.836,139,194,100,0.5,0,73.094,323
0.98,0.732,0.792,15,65,0.97,0.14,0.83,0.52,0.653,0.635,148,205,100,0.5,0,32.259,324
1.0,0.794,0.831,11,48,0.78,0.3,0.93,0.51,0.799,0.838,15,103,100,0.5,0,46.184,325
0.95,0.861,0.841,15,42,1.0,0.49,1.0,1.0,0.876,0.882,107,972,100,0.5,0,49.648,326
0.98,0.87,0.881,22,53,0.81,0.12,0.74,0.52,0.874,0.889,423,485,100,0.5,0,60.334,327
0.8,0.789,0.77,46,87,1.0,0.5,1.0,0.8,0.836,0.863,165,726,100,0.5,0,41.695,328
1.0,0.825,0.783,7,39,1.0,0.47,1.0,1.0,0.788,0.822,94,245,100,0.5,0,38.519,329
0.99,0.858,0.73,52,76,0.97,0.4,1.0,0.51,0.834,0.769,254,284,100,0.5,0,73.505,330
1.0,0.826,0.837,31,43,0.84,0.5,0.96,0.61,0.843,0.854,9,39,100,0.5,0,41.27,331
0.92,0.713,0.769,4,52,0.96,0.4,0.99,0.51,0.754,0.746,33,98,100,0.5,0,53.74,332
0.64,0.738,0.788,72,95,0.83,0.27,0.96,0.55,0.749,0.78,134,151,100,0.5,0,57.241,333
1.0,0.901,0.896,19,58,0.83,0.5,0.96,0.56,0.822,0.817,592,688,100,0.5,0,42.942,334
1.0,0.848,0.809,7,35,1.0,0.5,0.98,0.56,0.814,0.733,404,499,100,0.5,0,66.959,335
0.94,0.758,0.838,16,54,0.96,0.38,0.96,0.56,0.75,0.743,327,336,100,0.5,0,65.58,336
0.95,0.769,0.808,16,63,1.0,0.49,1.0,1.0,0.807,0.706,289,501,100,0.5,0,82.45,337
1.0,0.926,0.884,1,21,0.97,0.12,0.86,0.51,0.737,0.798,184,263,100,0.5,0,116.095,338
1.0,0.879,0.877,54,78,0.96,0.34,1.0,0.53,0.879,0.87,70,238,100,0.5,0,270.352,339
1.0,0.829,0.875,23,60,1.0,0.34,0.89,0.59,0.762,0.864,18,157,100,0.5,0,35.607,340
1.0,0.859,0.89,30,70,1.0,0.36,1.0,0.51,0.88,0.9,35,120,100,0.5,0,67.64,341
1.0,0.75,0.838,6,30,1.0,0.49,1.0,1.0,0.666,0.838,6,490,100,0.5,0,58.127,342
0.99,0.816,0.801,29,70,1.0,0.45,1.0,0.93,0.829,0.783,273,596,100,0.5,0,68.293,343
0.94,0.79,0.789,31,62,0.98,0.49,1.0,1.0,0.668,0.833,144,226,100,0.5,0,59.925,344
1.0,0.867,0.832,7,24,0.95,0.44,1.0,1.0,0.678,0.845,363,466,100,0.5,0,156.261,345
1.0,0.894,0.917,13,26,1.0,0.35,0.93,0.52,0.789,0.933,215,267,100,0.5,0,40.675,346
0.99,0.877,0.929,11,40,0.76,0.25,1.0,0.58,0.8,0.845,886,1153,100,0.5,0,67.101,347
0.99,0.985,0.977,6,42,1.0,0.46,1.0,0.58,0.917,0.958,424,502,100,0.5,0,49.883,348
0.88,0.618,0.672,32,64,0.88,0.5,1.0,0.72,0.639,0.672,32,124,100,0.5,0,30.152,349
1.0,0.771,0.788,30,50,1.0,0.37,1.0,1.0,0.71,0.78,33,364,100,0.5,0,54.6,350
1.0,0.868,0.815,36,61,0.92,0.48,1.0,0.96,0.948,0.877,178,519,100,0.5,0,46.898,351
1.0,0.809,0.768,29,48,1.0,0.49,1.0,0.55,0.861,0.826,240,757,100,0.5,0,199.925,352
1.0,0.848,0.873,21,58,1.0,0.48,1.0,0.72,0.94,0.896,86,217,100,0.5,0,30.641,353
1.0,0.86,0.8,77,131,0.83,0.19,0.99,0.52,0.819,0.903,102,188,100,0.5,0,50.058,354
1.0,0.743,0.776,7,33,0.56,0.5,1.0,0.84,0.811,0.842,252,303,100,0.5,0,81.278,355
1.0,0.86,0.836,3,21,0.97,0.41,0.9,0.71,0.893,0.875,269,470,100,0.5,0,30.388,356
1.0,0.812,0.861,88,123,1.0,0.39,1.0,1.0,0.834,0.885,315,464,100,0.5,0,36.528,357
0.87,0.836,0.853,4,25,0.92,0.5,1.0,0.86,0.893,0.722,154,414,100,0.5,0,45.754,358
1.0,0.813,0.763,6,30,0.77,0.42,0.91,0.51,0.676,0.769,41,79,100,0.5,0,44.773,359
1.0,0.757,0.783,14,67,1.0,0.1,1.0,0.58,0.785,0.679,680,823,100,0.5,0,67.453,360
0.98,0.896,0.831,36,67,1.0,0.47,1.0,1.0,0.745,0.802,292,425,100,0.5,0,62.578,361
1.0,0.859,0.846,16,38,0.86,0.48,0.99,0.55,0.791,0.794,74,98,100,0.5,0,58.344,362
0.99,0.715,0.773,5,28,0.87,0.42,1.0,0.73,0.749,0.677,39,98,100,0.5,0,46.34,363
1.0,0.778,0.747,28,63,0.92,0.48,1.0,0.5,0.686,0.719,521,698,100,0.5,0,72.998,364
0.94,0.78,0.798,2,40,1.0,0.31,1.0,0.51,0.883,0.857,110,144,100,0.5,0,42.794,365
1.0,0.844,0.822,5,31,1.0,0.48,1.0,1.0,0.924,0.857,211,838,100,0.5,0,126.39,366
0.9,0.849,0.877,21,58,0.92,0.47,0.94,0.51,0.831,0.859,78,107,100,0.5,0,35.134,367
1.0,0.704,0.764,16,47,0.37,0.3,0.98,0.5,0.717,0.72,198,282,100,0.5,0,49.352,368
0.96,0.807,0.804,48,71,0.49,0.43,1.0,1.0,0.673,0.722,122,226,100,0.5,0,51.913,369
0.89,0.794,0.891,9,50,0.99,0.5,0.97,0.84,0.645,0.796,274,614,100,0.5,0,60.01,370
0.98,0.906,0.853,4,35,1.0,0.49,1.0,0.58,0.748,0.856,246,311,100,0.5,0,64.167,371
0.98,0.752,0.736,2,37,0.98,0.39,0.98,0.55,0.863,0.709,411,491,100,0.5,0,108.14,372
0.98,0.781,0.837,11,41,1.0,0.44,1.0,1.0,0.742,0.786,4,555,100,0.5,0,46.156,373
1.0,0.844,0.793,11,44,0.99,0.38,1.0,0.5,0.63,0.726,126,190,100,0.5,0,72.298,374
1.0,0.949,0.962,33,58,0.86,0.5,0.99,0.52,0.939,0.914,68,138,100,0.5,0,89.217,375
0.98,0.807,0.776,41,81,0.66,0.06,0.89,0.56,0.831,0.816,61,89,100,0.5,0,32.613,376
1.0,0.939,0.919,20,60,1.0,0.37,1.0,0.83,0.878,0.945,110,216,100,0.5,0,125.211,377
1.0,0.813,0.791,5,33,1.0,0.41,1.0,0.52,0.859,0.781,406,554,100,0.5,0,44.779,378
0.9,0.769,0.759,38,80,0.91,0.48,0.94,0.65,0.557,0.786,68,164,100,0.5,0,40.454,379
0.96,0.75,0.773,14,30,0.96,0.45,1.0,0.58,0.832,0.82,164,244,100,0.5,0,68.765,380
0.88,0.892,0.811,25,54,1.0,0.44,1.0,0.8,0.94,0.828,746,972,100,0.5,0,57.826,381
1.0,0.956,0.949,7,78,1.0,0.47,0.96,0.53,0.821,0.956,158,296,100,0.5,0,31.637,382
1.0,0.645,0.664,17,39,1.0,0.0,1.0,0.51,0.822,0.775,139,221,100,0.5,0,44.938,383
0.87,0.855,0.831,12,39,1.0,0.48,0.97,0.55,0.824,0.798,126,408,100,0.5,0,48.266,384
1.0,0.673,0.762,25,50,1.0,0.45,1.0,0.89,0.734,0.762,25,245,100,0.5,0,23.842,385
0.96,0.849,0.852,41,78,0.88,0.49,1.0,0.76,0.873,0.876,98,138,100,0.5,0,72.124,386
1.0,0.852,0.822,6,28,0.48,0.14,0.78,0.55,0.709,0.766,757,775,100,0.5,0,97.537,387
1.0,0.801,0.792,45,70,0.97,0.09,0.95,0.62,0.834,0.772,56,80,100,0.5,0,46.006,388
1.0,0.86,0.905,29,48,1.0,0.49,1.0,0.65,0.907,0.871,248,281,100,0.5,0,99.901,389
0.95,0.732,0.76,72,113,0.55,0.12,0.95,0.51,0.739,0.743,76,125,100,0.5,0,50.547,390
0.97,0.601,0.548,45,77,0.98,0.44,0.73,0.55,0.643,0.7,197,236,100,0.5,0,37.976,391
0.94,0.864,0.89,2,24,1.0,0.45,1.0,1.0,0.887,0.858,615,847,100,0.5,0,143.708,392
0.98,0.714,0.717,20,43,1.0,0.48,0.82,0.52,0.768,0.662,119,399,100,0.5,0,84.945,393
0.97,0.836,0.847,35,84,0.95,0.49,1.0,0.58,0.833,0.84,203,268,100,0.5,0,78.652,394
0.96,0.859,0.918,10,48,0.95,0.3,0.99,0.51,0.774,0.863,259,286,100,0.5,0,49.524,395
1.0,0.871,0.832,8,33,1.0,0.46,1.0,0.53,0.882,0.841,148,184,100,0.5,0,30.534,396
1.0,0.675,0.65,11,34,1.0,0.46,1.0,0.98,0.699,0.65,11,473,100,0.5,0,41.77,397
1.0,0.781,0.789,3,20,0.43,0.48,1.0,0.6,0.752,0.651,267,344,100,0.5,0,46.888,398
1.0,0.919,0.908,60,85,1.0,0.5,1.0,0.93,0.769,0.908,73,357,100,0.5,0,25.285,399
1.0,0.952,0.965,7,36,1.0,0.43,1.0,1.0,0.938,0.954,47,498,100,Free,0,52.788,400
0.99,0.839,0.871,3,15,0.97,0.13,0.97,0.55,0.861,0.888,465,489,100,Free,0,44.074,401
0.99,0.918,0.928,11,37,0.92,0.17,0.99,0.53,0.85,0.9,715,818,100,Free,0,28.978,402
1.0,0.851,0.869,32,58,0.99,0.46,1.0,1.0,0.944,0.847,171,548,100,Free,0,53.714,403
0.96,0.776,0.8,20,44,1.0,0.45,0.99,0.62,0.761,0.802,21,243,100,Free,0,55.178,404
0.99,0.846,0.864,44,88,0.95,0.21,1.0,0.51,0.829,0.902,434,499,100,Free,0,77.107,405
0.98,0.912,0.876,11,35,0.97,0.44,0.98,0.52,0.882,0.933,241,308,100,Free,0,34.07,406
1.0,0.891,0.905,26,49,1.0,0.5,1.0,0.61,0.957,0.909,639,706,100,Free,0,66.578,407
0.98,0.798,0.867,13,76,1.0,0.5,1.0,0.78,0.901,0.872,569,733,100,Free,0,49.556,408
0.99,0.864,0.88,29,51,1.0,0.39,1.0,0.51,0.913,0.9,475,574,100,Free,0,61.754,409
1.0,0.9,0.915,79,136,1.0,0.46,1.0,0.57,0.879,0.891,324,395,100,Free,0,48.532,410
1.0,0.848,0.823,36,57,1.0,0.43,0.96,0.52,0.864,0.906,662,914,100,Free,0,28.048,411
0.92,0.812,0.838,4,33,1.0,0.49,1.0,1.0,0.908,0.871,11,655,100,Free,0,18.342,412
0.99,0.92,0.899,7,46,1.0,0.48,1.0,1.0,0.877,0.925,877,1239,100,Free,0,57.295,413
0.99,0.917,0.912,2,49,0.93,0.32,0.97,0.54,0.874,0.959,1088,1121,100,Free,0,146.73,414
1.0,0.915,0.878,9,51,1.0,0.18,1.0,0.61,0.822,0.797,628,777,100,Free,0,31.872,415
1.0,0.959,0.932,3,38,1.0,0.48,1.0,0.99,0.946,0.859,291,790,100,Free,0,84.089,416
1.0,0.863,0.861,29,57,1.0,0.48,1.0,0.92,0.934,0.97,229,815,100,Free,0,37.839,417
0.92,0.86,0.861,32,51,0.99,0.44,1.0,1.0,0.88,0.889,447,841,100,Free,0,26.166,418
0.99,0.845,0.897,1,66,1.0,0.45,1.0,0.54,0.863,0.943,452,949,100,Free,0,44.702,419
1.0,0.855,0.89,10,27,1.0,0.46,1.0,0.67,0.904,0.931,215,240,100,Free,0,75.264,420
1.0,0.818,0.856,2,37,0.99,0.47,1.0,1.0,0.907,0.899,861,1406,100,Free,0,96.332,421
0.95,0.906,0.92,35,71,0.95,0.49,0.99,0.77,0.839,0.882,282,639,100,Free,0,58.063,422
1.0,0.924,0.876,31,70,1.0,0.43,1.0,1.0,0.931,0.912,925,1151,100,Free,0,38.73,423
0.99,0.899,0.894,37,86,1.0,0.45,1.0,0.91,0.924,0.873,252,445,100,Free,0,40.63,424
1.0,0.898,0.932,38,72,1.0,0.5,1.0,0.97,0.921,0.94,350,621,100,Free,0,160.635,425
0.98,0.937,0.945,43,65,0.98,0.45,1.0,0.61,0.956,0.913,5,147,100,Free,0,216.744,426
1.0,0.817,0.852,59,92,1.0,0.45,1.0,0.97,0.883,0.86,238,512,100,Free,0,41.833,427
1.0,0.942,0.884,13,50,0.78,0.48,1.0,0.93,0.725,0.907,365,451,100,Free,0,57.399,428
1.0,0.823,0.837,48,69,1.0,0.46,1.0,0.7,0.892,0.895,320,714,100,Free,0,82.387,429
1.0,0.908,0.885,12,51,0.92,0.46,1.0,0.55,0.882,0.855,70,167,100,Free,0,41.242,430
1.0,0.915,0.947,4,30,0.98,0.11,0.97,0.51,0.898,0.908,1261,1460,100,Free,0,36.174,431
0.85,0.78,0.776,13,45,0.94,0.48,1.0,0.55,0.871,0.858,168,387,100,Free,0,62.406,432
1.0,0.904,0.919,51,70,0.94,0.46,1.0,0.5,0.939,0.938,425,516,100,Free,0,40.224,433
1.0,0.909,0.894,5,24,0.99,0.48,1.0,0.55,0.898,0.928,373,438,100,Free,0,26.628,434
1.0,0.899,0.885,9,27,1.0,0.47,0.96,0.56,0.902,0.949,356,413,100,Free,0,48.141,435
0.97,0.939,0.947,6,35,0.96,0.46,1.0,1.0,0.914,0.91,314,602,100,Free,0,54.867,436
1.0,0.901,0.893,33,56,0.99,0.49,1.0,1.0,0.85,0.906,914,1365,100,Free,0,126.034,437
1.0,0.922,0.927,18,34,0.96,0.47,1.0,0.61,0.903,0.937,15,186,100,Free,0,43.843,438
1.0,0.823,0.84,8,29,0.99,0.49,1.0,1.0,0.925,0.88,171,867,100,Free,0,44.383,439
1.0,0.862,0.907,21,49,0.95,0.5,1.0,0.5,0.813,0.834,35,84,100,Free,0,36.338,440
0.99,0.854,0.803,7,29,0.99,0.49,1.0,0.63,0.784,0.75,257,368,100,Free,0,46.905,441
1.0,0.898,0.911,55,89,1.0,0.19,1.0,0.5,0.925,0.915,641,714,100,Free,0,61.32,442
0.97,0.927,0.883,6,27,1.0,0.47,1.0,1.0,0.926,0.908,148,541,100,Free,0,51.197,443
1.0,0.927,0.927,4,50,0.99,0.46,1.0,1.0,0.865,0.919,68,1052,100,Free,0,84.164,444
1.0,0.891,0.865,11,26,1.0,0.47,1.0,1.0,0.942,0.956,840,1119,100,Free,0,33.977,445
1.0,0.935,0.936,23,39,1.0,0.49,1.0,0.87,0.8,0.933,221,641,100,Free,0,45.225,446
1.0,0.923,0.892,24,63,1.0,0.5,1.0,0.54,0.928,0.898,71,558,100,Free,0,26.286,447
0.98,0.964,0.977,9,45,1.0,0.44,1.0,0.97,0.978,0.933,467,964,100,Free,0,43.537,448
0.96,0.827,0.897,22,63,0.98,0.06,1.0,0.56,0.838,0.877,211,246,100,Free,0,37.916,449
1.0,0.95,0.977,72,95,0.96,0.01,1.0,0.51,0.882,0.987,899,986,100,Free,0,100.354,450
1.0,0.97,0.956,6,52,0.99,0.47,1.0,1.0,0.949,0.947,274,377,100,Free,0,36.09,451
1.0,0.926,0.835,5,64,1.0,0.46,1.0,0.7,0.899,0.958,157,272,100,Free,0,201.222,452
1.0,0.854,0.759,40,97,1.0,0.5,1.0,0.59,0.92,0.828,647,809,100,Free,0,57.721,453
1.0,0.916,0.96,28,77,0.93,0.46,1.0,1.0,0.933,0.9,470,985,100,Free,0,92.817,454
1.0,0.842,0.843,5,39,0.97,0.31,0.94,0.51,0.913,0.858,735,772,100,Free,0,43.353,455
1.0,0.816,0.836,35,78,0.78,0.18,0.99,0.56,0.723,0.784,442,466,100,Free,0,33.835,456
1.0,0.914,0.958,20,36,1.0,0.49,1.0,1.0,0.964,0.906,542,1172,100,Free,0,30.467,457
1.0,0.898,0.922,19,51,1.0,0.5,1.0,1.0,0.84,0.867,669,950,100,Free,0,132.841,458
1.0,0.863,0.857,25,56,0.97,0.43,1.0,1.0,0.871,0.877,231,326,100,Free,0,44.23,459
0.95,0.873,0.876,14,33,0.97,0.49,1.0,1.0,0.813,0.863,238,609,100,Free,0,35.712,460
0.99,0.894,0.856,8,26,0.91,0.42,1.0,0.78,0.925,0.928,423,817,100,Free,0,40.99,461
1.0,0.86,0.837,2,38,1.0,0.49,1.0,1.0,0.862,0.837,2,241,100,Free,0,93.669,462
0.99,0.929,0.922,12,46,1.0,0.45,1.0,0.95,0.912,0.943,240,556,100,Free,0,37.002,463
1.0,0.864,0.924,9,43,0.87,0.08,1.0,0.5,0.829,0.84,280,338,100,Free,0,35.22,464
0.97,0.838,0.886,53,99,1.0,0.5,1.0,0.99,0.773,0.843,545,786,100,Free,0,33.769,465
1.0,0.881,0.87,10,35,1.0,0.44,1.0,0.61,0.778,0.828,267,439,100,Free,0,44.627,466
0.96,0.882,0.937,21,55,1.0,0.46,1.0,1.0,0.901,0.856,50,778,100,Free,0,24.207,467
1.0,0.884,0.845,23,58,0.92,0.5,0.95,0.68,0.885,0.901,242,364,100,Free,0,31.84,468
0.99,0.891,0.913,41,52,0.96,0.48,1.0,0.8,0.928,0.876,789,1331,100,Free,0,38.878,469
0.92,0.848,0.814,30,56,1.0,0.46,1.0,1.0,0.769,0.854,194,1204,100,Free,0,45.341,470
0.99,0.865,0.859,13,31,1.0,0.43,1.0,0.57,0.931,0.865,37,727,100,Free,0,51.647,471
0.99,0.945,0.936,6,22,0.99,0.01,1.0,0.5,0.924,0.944,293,367,100,Free,0,51.643,472
0.97,0.757,0.79,9,54,1.0,0.48,0.92,0.51,0.755,0.815,260,279,100,Free,0,96.105,473
1.0,0.911,0.914,76,115,0.98,0.5,1.0,1.0,0.906,0.901,121,780,100,Free,0,81.648,474
1.0,0.825,0.842,47,68,1.0,0.46,0.99,0.71,0.813,0.834,588,715,100,Free,0,23.697,475
1.0,0.883,0.932,1,38,1.0,0.48,1.0,0.6,0.879,0.917,791,957,100,Free,0,76.73,476
0.92,0.886,0.886,39,57,1.0,0.18,1.0,0.5,0.909,0.972,720,847,100,Free,0,43.197,477
0.98,0.856,0.847,3,38,0.92,0.17,1.0,0.51,0.808,0.891,271,310,100,Free,0,40.92,478
1.0,0.853,0.879,6,39,1.0,0.13,0.97,0.52,0.842,0.929,549,707,100,Free,0,47.95,479
1.0,0.935,0.954,26,55,1.0,0.5,1.0,0.57,0.88,0.938,319,373,100,Free,0,60.298,480
1.0,0.933,0.938,1,26,0.99,0.5,1.0,0.74,0.876,0.89,438,719,100,Free,0,54.921,481
1.0,0.933,0.892,15,46,0.87,0.04,1.0,0.51,0.915,0.896,571,700,100,Free,0,28.207,482
1.0,0.937,0.926,7,33,1.0,0.46,1.0,0.76,0.99,0.935,95,819,100,Free,0,50.909,483
0.91,0.84,0.852,28,82,0.97,0.45,1.0,0.57,0.838,0.839,117,170,100,Free,0,32.61,484
1.0,0.89,0.884,5,74,1.0,0.48,1.0,0.67,0.919,0.889,93,545,100,Free,0,61.897,485
1.0,0.859,0.938,14,30,1.0,0.42,1.0,1.0,0.921,0.978,838,1146,100,Free,0,124.073,486
1.0,0.858,0.863,14,34,1.0,0.5,1.0,1.0,0.85,0.877,93,196,100,Free,0,26.936,487
1.0,0.932,0.91,68,119,0.85,0.26,1.0,0.51,0.822,0.853,898,986,100,Free,0,34.85,488
0.97,0.916,0.926,7,52,1.0,0.43,1.0,0.82,0.948,0.902,44,137,100,Free,0,131.167,489
1.0,0.809,0.834,8,24,1.0,0.44,1.0,1.0,0.881,0.811,820,1167,100,Free,0,87.826,490
1.0,0.905,0.949,16,52,1.0,0.33,1.0,0.5,0.957,0.944,282,505,100,Free,0,29.209,491
1.0,0.882,0.814,25,70,1.0,0.48,1.0,0.59,0.867,0.933,383,584,100,Free,0,35.106,492
0.97,0.796,0.67,16,36,1.0,0.46,1.0,1.0,0.935,0.819,185,256,100,Free,0,44.383,493
0.95,0.891,0.867,12,38,1.0,0.46,1.0,1.0,0.957,0.937,660,1016,100,Free,0,50.968,494
1.0,0.935,0.917,50,62,0.98,0.0,0.99,0.53,0.868,0.922,365,422,100,Free,0,32.818,495
0.98,0.898,0.845,9,53,1.0,0.01,1.0,0.51,0.92,0.918,548,617,100,Free,0,99.235,496
0.97,0.841,0.849,36,49,0.95,0.49,1.0,1.0,0.742,0.842,394,933,100,Free,0,66.519,497
1.0,0.875,0.892,15,56,0.8,0.47,0.94,0.55,0.912,0.898,184,249,100,Free,0,30.471,498
1.0,0.911,0.914,47,66,1.0,0.49,1.0,0.96,0.879,0.859,618,920,100,Free,0,32.743,499
0.96,0.839,0.886,4,35,0.92,0.47,0.99,0.51,0.813,0.819,92,285,100,Free,0,26.958,500
1.0,0.932,0.899,9,30,0.98,0.11,1.0,0.51,0.934,0.93,134,238,100,Free,0,31.936,501
1.0,0.916,0.935,36,91,0.77,0.45,0.92,0.52,0.89,0.933,282,343,100,Free,0,103.531,502
0.99,0.721,0.734,18,38,0.92,0.49,1.0,0.97,0.862,0.82,742,1315,100,Free,0,125.687,503
0.97,0.81,0.812,31,61,0.84,0.45,1.0,1.0,0.837,0.82,26,652,100,Free,0,36.082,504
0.89,0.894,0.948,43,94,0.99,0.49,1.0,0.81,0.953,0.922,198,289,100,Free,0,42.7,505
1.0,0.952,0.908,9,31,1.0,0.49,1.0,0.56,0.925,0.873,405,467,100,Free,0,134.078,506
1.0,0.912,0.896,48,75,1.0,0.46,1.0,1.0,0.94,0.927,467,690,100,Free,0,24.721,507
0.92,0.94,0.949,16,71,1.0,0.27,1.0,0.53,0.965,0.991,176,211,100,Free,0,53.822,508
1.0,0.922,0.925,12,36,1.0,0.5,1.0,1.0,0.874,0.953,221,486,100,Free,0,55.57,509
0.95,0.905,0.92,38,57,0.99,0.08,0.98,0.56,0.87,0.94,98,168,100,Free,0,34.038,510
0.99,0.797,0.841,13,44,0.98,0.46,1.0,1.0,0.82,0.873,631,1006,100,Free,0,80.119,511
1.0,0.923,0.922,17,42,0.92,0.41,1.0,0.5,0.972,0.924,1032,1215,100,Free,0,46.948,512
0.95,0.902,0.871,8,56,0.95,0.46,1.0,0.9,0.817,0.871,8,226,100,Free,0,47.227,513
1.0,0.843,0.882,40,65,0.83,0.46,0.96,0.52,0.816,0.823,390,543,100,Free,0,69.431,514
0.99,0.889,0.915,21,39,1.0,0.43,1.0,1.0,0.905,0.919,180,392,100,Free,0,42.905,515
1.0,0.827,0.868,33,62,0.87,0.41,1.0,0.56,0.84,0.818,53,115,100,Free,0,46.957,516
0.98,0.939,0.887,4,35,0.97,0.46,1.0,1.0,0.847,0.891,232,1407,100,Free,0,102.759,517
1.0,0.955,0.93,35,53,0.99,0.43,1.0,0.51,0.846,0.872,851,1066,100,Free,0,103.944,518
0.93,0.82,0.869,16,39,0.72,0.46,1.0,0.95,0.836,0.89,104,165,100,Free,0,44.253,519
1.0,0.888,0.89,59,78,0.97,0.46,1.0,1.0,0.943,0.912,139,1195,100,Free,0,111.404,520
0.97,0.912,0.929,12,37,0.98,0.44,1.0,1.0,0.93,0.897,40,678,100,Free,0,37.764,521
1.0,0.951,0.873,40,104,1.0,0.45,1.0,1.0,0.906,0.943,821,1463,100,Free,0,104.862,522
0.93,0.859,0.921,40,61,0.93,0.45,1.0,1.0,0.908,0.921,40,154,100,Free,0,259.459,523
1.0,0.955,0.936,5,40,0.92,0.46,1.0,0.55,0.928,0.875,353,438,100,Free,0,58.031,524
0.97,0.893,0.884,25,53,0.95,0.5,1.0,0.62,0.907,0.946,251,300,100,Free,0,26.939,525
0.99,0.873,0.88,11,43,0.96,0.11,1.0,0.52,0.823,0.901,674,812,100,Free,0,74.16,526
1.0,0.905,0.897,2,19,0.99,0.48,1.0,0.94,0.888,0.911,20,473,100,Free,0,55.444,527
1.0,0.817,0.886,26,50,1.0,0.47,1.0,0.5,0.806,0.818,235,269,100,Free,0,44.348,528
1.0,0.894,0.926,4,38,0.97,0.44,1.0,0.73,0.946,0.912,638,1071,100,Free,0,113.422,529
1.0,0.857,0.827,2,23,1.0,0.0,0.98,0.5,0.896,0.932,442,587,100,Free,0,51.235,530
1.0,0.859,0.879,6,37,1.0,0.48,1.0,0.52,0.954,0.92,750,1040,100,Free,0,63.39,531
0.98,0.879,0.953,4,65,0.87,0.39,0.97,0.55,0.788,0.739,764,963,100,Free,0,51.988,532
1.0,0.886,0.888,14,28,1.0,0.48,1.0,1.0,0.894,0.907,67,449,100,Free,0,51.099,533
1.0,0.959,0.943,11,27,1.0,0.47,1.0,1.0,0.952,0.925,545,876,100,Free,0,62.002,534
0.98,0.79,0.814,41,116,0.97,0.49,1.0,0.98,0.865,0.897,599,1029,100,Free,0,62.861,535
1.0,0.934,0.887,22,58,1.0,0.47,1.0,0.89,0.961,0.972,227,468,100,Free,0,48.029,536
1.0,0.855,0.796,18,68,0.97,0.49,1.0,0.71,0.819,0.87,105,212,100,Free,0,76.516,537
1.0,0.962,0.97,40,54,0.89,0.5,1.0,1.0,0.927,0.97,143,527,100,Free,0,212.484,538
1.0,0.893,0.9,5,51,1.0,0.5,1.0,1.0,0.9,0.893,50,720,100,Free,0,132.357,539
1.0,0.942,0.859,6,39,0.98,0.2,0.98,0.54,0.878,0.926,301,354,100,Free,0,21.418,540
1.0,0.924,0.94,38,57,1.0,0.4,1.0,1.0,0.901,0.886,885,1154,100,Free,0,74.622,541
1.0,0.916,0.894,10,34,0.99,0.49,1.0,0.53,0.886,0.908,351,437,100,Free,0,41.276,542
0.99,0.802,0.811,10,32,1.0,0.46,1.0,0.71,0.774,0.816,417,572,100,Free,0,50.602,543
1.0,0.922,0.913,10,49,1.0,0.49,1.0,0.97,0.939,0.955,87,863,100,Free,0,90.386,544
0.99,0.863,0.871,23,64,1.0,0.46,1.0,1.0,0.908,0.932,169,372,100,Free,0,35.056,545
1.0,0.918,0.904,34,74,1.0,0.49,1.0,0.55,0.911,0.889,22,163,100,Free,0,92.99,546
1.0,0.917,0.865,48,85,1.0,0.49,1.0,0.53,0.815,0.842,225,380,100,Free,0,292.322,547
1.0,0.933,0.963,6,44,0.98,0.46,1.0,0.55,0.906,0.939,268,324,100,Free,0,83.905,548
1.0,0.959,0.956,42,61,1.0,0.36,1.0,0.51,0.967,0.959,839,955,100,Free,0,205.657,549
1.0,0.911,0.933,4,44,1.0,0.48,1.0,0.51,0.865,0.917,68,128,100,Free,0,52.158,550
1.0,0.948,0.932,32,51,1.0,0.47,1.0,0.6,0.938,0.879,429,574,100,Free,0,43.687,551
1.0,0.794,0.814,7,62,1.0,0.22,0.99,0.53,0.897,0.979,985,1192,100,Free,0,50.431,552
0.98,0.846,0.939,2,46,0.99,0.1,1.0,0.63,0.901,0.865,404,458,100,Free,0,88.022,553
1.0,0.905,0.847,8,29,0.97,0.42,1.0,1.0,0.882,0.877,86,267,100,Free,0,62.576,554
1.0,0.93,0.926,8,40,1.0,0.49,1.0,1.0,0.923,0.966,255,469,100,Free,0,54.544,555
1.0,0.919,0.92,11,23,0.99,0.5,1.0,0.93,0.937,0.872,555,770,100,Free,0,31.849,556
0.87,0.799,0.827,41,59,0.89,0.37,1.0,0.5,0.891,0.836,302,403,100,Free,0,42.043,557
1.0,0.866,0.87,9,37,0.94,0.41,1.0,0.5,0.923,0.947,418,464,100,Free,0,52.374,558
1.0,0.955,0.926,19,64,0.98,0.42,1.0,0.97,0.882,0.917,879,1157,100,Free,0,50.848,559
1.0,0.855,0.864,28,51,0.99,0.47,1.0,1.0,0.825,0.883,130,772,100,Free,0,42.736,560
1.0,0.941,0.929,22,64,0.91,0.09,0.98,0.52,0.922,0.928,287,342,100,Free,0,55.143,561
0.92,0.812,0.763,12,69,0.98,0.5,1.0,1.0,0.845,0.791,99,273,100,Free,0,19.045,562
1.0,0.874,0.931,24,64,1.0,0.4,1.0,1.0,0.933,0.968,202,380,100,Free,0,57.802,563
1.0,0.931,0.96,1,85,0.99,0.49,0.99,0.62,0.928,0.959,696,806,100,Free,0,67.995,564
1.0,0.827,0.834,24,33,1.0,0.5,1.0,0.69,0.896,0.839,1319,1491,100,Free,0,70.961,565
1.0,0.905,0.889,28,51,1.0,0.43,1.0,1.0,0.881,0.889,28,842,100,Free,0,103.955,566
1.0,0.936,0.966,27,37,0.99,0.45,1.0,0.73,0.885,0.926,300,336,100,Free,0,51.271,567
1.0,0.761,0.732,1,26,0.98,0.35,1.0,0.5,0.779,0.775,106,130,100,Free,0,38.243,568
0.99,0.909,0.928,6,42,1.0,0.49,0.94,0.59,0.848,0.928,245,280,100,Free,0,36.792,569
0.95,0.939,0.877,4,36,0.96,0.48,1.0,1.0,0.911,0.872,895,1179,100,Free,0,66.433,570
0.85,0.945,0.939,27,61,0.97,0.45,1.0,0.74,0.906,0.904,880,1063,100,Free,0,29.037,571
0.91,0.801,0.839,23,37,0.99,0.42,1.0,1.0,0.903,0.893,303,689,100,Free,0,32.733,572
0.98,0.771,0.769,24,58,1.0,0.0,1.0,0.5,0.889,0.881,250,319,100,Free,0,26.919,573
1.0,0.932,0.958,59,78,1.0,0.49,1.0,1.0,0.94,0.889,412,1222,100,Free,0,96.369,574
1.0,0.885,0.913,8,41,1.0,0.42,1.0,0.75,0.915,0.916,502,933,100,Free,0,39.88,575
0.97,0.843,0.871,30,42,0.98,0.46,0.99,0.52,0.886,0.928,419,603,100,Free,0,30.846,576
1.0,0.919,0.867,7,29,0.85,0.16,0.96,0.51,0.904,0.92,737,792,100,Free,0,36.206,577
0.98,0.941,0.926,9,30,0.97,0.5,1.0,0.69,0.954,0.919,383,496,100,Free,0,49.213,578
1.0,0.793,0.803,35,59,0.98,0.06,0.99,0.59,0.791,0.827,681,821,100,Free,0,35.917,579
1.0,0.926,0.916,22,38,1.0,0.5,1.0,1.0,0.888,0.874,398,866,100,Free,0,59.505,580
1.0,0.855,0.902,34,63,1.0,0.41,1.0,1.0,0.91,0.898,592,1542,100,Free,0,32.173,581
1.0,0.836,0.877,23,41,1.0,0.02,1.0,0.53,0.923,0.907,795,907,100,Free,0,28.374,582
0.99,0.938,0.922,8,33,1.0,0.47,1.0,1.0,0.921,0.93,971,1343,100,Free,0,56.549,583
0.99,0.891,0.879,5,31,0.91,0.49,1.0,1.0,0.882,0.889,110,711,100,Free,0,47.112,584
0.9,0.932,0.917,8,59,0.96,0.03,0.96,0.54,0.886,0.963,116,140,100,Free,0,97.692,585
1.0,0.908,0.892,5,44,1.0,0.5,1.0,1.0,0.941,0.878,67,469,100,Free,0,35.71,586
0.93,0.903,0.889,1,20,0.97,0.49,0.97,0.62,0.863,0.863,231,348,100,Free,0,145.853,587
1.0,0.918,0.913,24,48,0.97,0.5,1.0,0.83,0.947,0.851,207,414,100,Free,0,38.174,588
1.0,0.89,0.908,23,39,0.97,0.25,1.0,0.52,0.887,0.928,82,140,100,Free,0,66.71,589
0.99,0.921,0.922,9,44,1.0,0.43,1.0,0.56,0.919,0.961,679,893,100,Free,0,231.905,590
1.0,0.788,0.811,22,77,1.0,0.13,1.0,0.51,0.803,0.878,458,511,100,Free,0,76.823,591
0.94,0.739,0.882,55,84,1.0,0.45,1.0,0.83,0.901,0.868,474,659,100,Free,0,30.861,592
1.0,0.966,0.93,7,46,0.99,0.49,0.98,0.75,0.901,0.962,179,276,100,Free,0,24.611,593
0.86,0.864,0.841,16,111,1.0,0.49,1.0,1.0,0.853,0.831,447,713,100,Free,0,84.696,594
1.0,0.933,0.882,17,52,0.99,0.44,1.0,0.98,0.931,0.892,129,456,100,Free,0,331.696,595
1.0,0.963,0.936,16,60,1.0,0.12,1.0,0.51,0.902,0.929,384,430,100,Free,0,40.208,596
1.0,0.861,0.848,5,22,1.0,0.02,0.97,0.61,0.881,0.915,581,782,100,Free,0,97.395,597
1.0,0.771,0.739,9,24,1.0,0.48,1.0,0.89,0.822,0.848,975,1250,100,Free,0,38.108,598
0.96,0.866,0.861,17,53,1.0,0.49,1.0,0.76,0.902,0.891,571,691,100,Free,0,77.68,599
0.41,0.606,0.488,3,26,0.41,0.49,0.86,0.85,0.692,0.488,3,63,100,0.0,0,76.186,600
0.93,0.804,0.843,35,82,0.84,0.48,0.99,0.73,0.785,0.823,8,97,100,0.0,0,52.481,601
1.0,0.74,0.649,22,45,0.56,0.37,0.65,0.53,0.75,0.649,22,52,100,0.0,0,69.314,602
1.0,0.666,0.617,2,30,0.79,0.45,0.81,0.64,0.656,0.655,152,194,100,0.0,0,44.489,603
1.0,0.757,0.755,6,74,0.84,0.21,0.78,0.52,0.659,0.735,68,102,100,0.0,0,124.555,604
1.0,0.718,0.596,2,23,0.95,0.49,1.0,1.0,0.683,0.568,98,249,100,0.0,0,39.312,605
0.99,0.584,0.638,11,43,0.62,0.48,0.67,0.53,0.621,0.624,34,135,100,0.0,0,66.931,606
0.98,0.481,0.53,6,36,0.77,0.49,1.0,0.96,0.465,0.525,17,85,100,0.0,0,74.62,607
1.0,0.707,0.719,5,33,0.92,0.43,0.95,0.54,0.759,0.691,29,65,100,0.0,0,59.231,608
1.0,0.626,0.749,8,89,0.8,0.49,0.89,0.68,0.601,0.759,43,91,100,0.0,0,132.238,609
0.96,0.617,0.517,1,56,0.76,0.35,0.76,0.56,0.668,0.575,39,96,100,0.0,0,171.473,610
0.98,0.635,0.513,28,81,0.88,0.31,0.95,0.51,0.487,0.635,80,118,100,0.0,0,37.46,611
0.99,0.511,0.504,12,41,0.58,0.38,0.62,0.52,0.511,0.514,11,41,100,0.0,0,54.68,612
0.78,0.495,0.562,12,58,0.78,0.5,0.7,0.7,0.504,0.562,12,70,100,0.0,0,91.602,613
1.0,0.448,0.427,11,117,0.25,0.0,0.63,0.56,0.448,0.46,66,117,100,0.0,0,128.312,614
1.0,0.777,0.764,50,92,0.91,0.21,0.84,0.52,0.71,0.778,92,129,100,0.0,0,98.903,615
1.0,0.806,0.797,13,41,0.97,0.43,0.95,0.53,0.827,0.81,116,151,100,0.0,0,61.085,616
1.0,0.599,0.671,32,86,1.0,0.5,1.0,0.81,0.619,0.614,72,135,100,0.0,0,108.717,617
1.0,0.847,0.905,15,58,1.0,0.42,1.0,1.0,0.916,0.885,73,176,100,0.0,0,128.516,618
1.0,0.663,0.664,28,67,0.47,0.4,0.97,0.52,0.711,0.682,100,290,100,0.0,0,77.412,619
1.0,0.667,0.55,2,42,0.64,0.35,0.86,0.52,0.646,0.58,7,38,100,0.0,0,59.992,620
0.95,0.752,0.702,59,90,0.86,0.12,0.83,0.55,0.745,0.867,112,141,100,0.0,0,54.998,621
0.9,0.645,0.733,67,98,0.9,0.46,1.0,0.74,0.509,0.733,67,168,100,0.0,0,45.5,622
0.83,0.682,0.629,13,60,0.3,0.04,0.72,0.54,0.617,0.55,136,203,100,0.0,0,57.223,623
0.93,0.533,0.625,11,107,0.93,0.48,0.84,0.53,0.555,0.625,11,104,100,0.0,0,121.925,624
1.0,0.652,0.599,69,97,0.84,0.48,1.0,0.96,0.832,0.813,236,337,100,0.0,0,48.898,625
0.94,0.6,0.684,8,39,0.72,0.48,0.75,0.75,0.437,0.535,100,187,100,0.0,0,40.21,626
0.98,0.842,0.864,31,71,0.98,0.47,1.0,0.86,0.762,0.864,31,218,100,0.0,0,125.224,627
1.0,0.625,0.612,5,26,0.76,0.39,0.79,0.55,0.562,0.641,15,79,100,0.0,0,71.473,628
1.0,0.672,0.735,67,96,0.58,0.5,0.78,0.57,0.664,0.724,69,101,100,0.0,0,56.172,629
0.9,0.672,0.743,8,58,0.29,0.18,0.91,0.53,0.598,0.664,88,175,100,0.0,0,48.342,630
1.0,0.773,0.812,40,122,0.84,0.21,0.95,0.53,0.768,0.808,75,155,100,0.0,0,39.774,631
0.61,0.576,0.505,9,64,0.99,0.34,0.99,0.51,0.616,0.69,97,138,100,0.0,0,79.918,632
0.92,0.509,0.514,20,52,0.95,0.46,1.0,0.61,0.469,0.507,57,364,100,0.0,0,69.189,633
0.72,0.587,0.676,11,37,0.99,0.47,0.87,0.83,0.746,0.673,18,146,100,0.0,0,59.996,634
1.0,0.666,0.513,3,40,0.43,0.3,0.98,0.56,0.701,0.552,18,62,100,0.0,0,57.705,635
0.93,0.794,0.758,9,33,0.9,0.48,0.85,0.64,0.773,0.795,43,134,100,0.0,0,39.35,636
0.86,0.726,0.637,1,37,1.0,0.5,1.0,1.0,0.724,0.714,9,161,100,0.0,0,48.068,637
1.0,0.675,0.63,63,86,0.54,0.1,0.66,0.51,0.478,0.65,86,139,100,0.0,0,96.948,638
0.94,0.644,0.69,3,31,0.53,0.46,0.74,0.5,0.753,0.75,78,125,100,0.0,0,40.078,639
0.44,0.599,0.55,32,80,0.44,0.41,0.64,0.5,0.578,0.55,32,76,100,0.0,0,51.63,640
0.95,0.724,0.779,46,75,0.6,0.27,0.81,0.53,0.711,0.742,72,105,100,0.0,0,81.967,641
0.86,0.745,0.685,16,69,0.44,0.43,0.89,0.5,0.707,0.769,376,451,100,0.0,0,84.419,642
0.79,0.75,0.762,43,73,0.2,0.19,0.99,0.56,0.77,0.754,200,246,100,0.0,0,54.735,643
1.0,0.842,0.805,33,68,0.99,0.41,1.0,0.87,0.753,0.78,83,138,100,0.0,0,59.689,644
1.0,0.652,0.688,8,36,0.69,0.46,0.82,0.52,0.631,0.718,56,92,100,0.0,0,57.251,645
0.65,0.527,0.626,6,46,0.98,0.5,0.92,0.64,0.483,0.612,358,440,100,0.0,0,41.025,646
0.9,0.562,0.643,25,62,0.93,0.48,1.0,1.0,0.57,0.684,5,182,100,0.0,0,87.293,647
0.93,0.682,0.686,5,51,0.44,0.5,0.7,0.65,0.742,0.692,28,78,100,0.0,0,153.167,648
1.0,0.842,0.837,11,45,0.83,0.5,0.88,0.58,0.675,0.819,35,106,100,0.0,0,99.545,649
1.0,0.709,0.69,26,64,1.0,0.48,1.0,0.75,0.734,0.716,209,326,100,0.0,0,60.494,650
0.97,0.741,0.679,11,65,0.85,0.42,0.68,0.52,0.633,0.726,82,122,100,0.0,0,46.579,651
0.94,0.659,0.566,17,50,0.54,0.3,0.94,0.56,0.62,0.562,2,29,100,0.0,0,43.707,652
0.99,0.684,0.681,16,70,0.93,0.23,0.98,0.5,0.625,0.671,61,163,100,0.0,0,62.315,653
1.0,0.87,0.793,40,68,1.0,0.5,1.0,0.75,0.813,0.895,92,204,100,0.0,0,92.778,654
0.68,0.486,0.515,13,42,0.68,0.5,0.75,0.63,0.452,0.515,13,62,100,0.0,0,108.062,655
0.99,0.898,0.888,34,55,0.72,0.48,1.0,1.0,0.641,0.837,89,280,100,0.0,0,50.036,656
0.91,0.631,0.691,51,102,1.0,0.5,1.0,0.59,0.712,0.714,77,122,100,0.0,0,52.626,657
1.0,0.602,0.534,35,51,0.77,0.2,0.76,0.51,0.527,0.62,59,96,100,0.0,0,39.744,658
1.0,0.637,0.65,8,41,0.87,0.37,0.92,0.54,0.659,0.657,58,71,100,0.0,0,139.415,659
0.78,0.625,0.546,17,39,0.52,0.07,0.68,0.5,0.481,0.587,92,156,100,0.0,0,113.171,660
0.94,0.851,0.823,22,53,0.97,0.46,1.0,0.61,0.703,0.84,57,131,100,0.0,0,39.326,661
1.0,0.498,0.593,79,150,0.99,0.45,0.82,0.71,0.586,0.544,122,273,100,0.0,0,38.849,662
0.96,0.634,0.74,35,62,0.45,0.0,0.88,0.51,0.512,0.666,59,98,100,0.0,0,154.557,663
0.91,0.567,0.581,30,75,0.04,0.09,0.55,0.51,0.628,0.568,5,114,100,0.0,0,74.098,664
1.0,0.616,0.673,6,67,0.95,0.48,1.0,0.89,0.566,0.677,12,202,100,0.0,0,80.372,665
0.3,0.611,0.659,23,43,0.3,0.47,0.58,0.5,0.612,0.659,23,44,100,0.0,0,80.634,666
1.0,0.854,0.834,38,68,0.95,0.46,1.0,1.0,0.718,0.874,55,203,100,0.0,0,35.11,667
0.96,0.571,0.608,7,40,0.96,0.04,0.99,0.51,0.626,0.587,18,73,100,0.0,0,113.09,668
0.99,0.647,0.761,27,50,0.7,0.38,0.8,0.53,0.668,0.788,10,34,100,0.0,0,45.31,669
1.0,0.578,0.557,2,41,0.86,0.07,0.99,0.56,0.574,0.65,65,118,100,0.0,0,138.476,670
1.0,0.608,0.664,56,88,0.9,0.49,1.0,0.5,0.68,0.654,67,161,100,0.0,0,136.09,671
0.96,0.632,0.703,7,65,0.87,0.31,0.92,0.55,0.679,0.698,108,126,100,0.0,0,37.768,672
0.78,0.674,0.8,13,64,0.84,0.45,0.91,0.5,0.717,0.782,21,109,100,0.0,0,28.28,673
0.69,0.563,0.517,5,25,0.19,0.14,0.55,0.51,0.489,0.537,32,61,100,0.0,0,62.954,674
0.67,0.746,0.617,7,39,0.67,0.45,1.0,0.56,0.692,0.617,7,46,100,0.0,0,178.953,675
0.8,0.648,0.587,10,89,0.8,0.23,1.0,0.51,0.63,0.587,10,68,100,0.0,0,94.178,676
1.0,0.6,0.57,27,66,0.1,0.0,0.71,0.51,0.663,0.611,163,204,100,0.0,0,88.009,677
1.0,0.667,0.622,7,100,0.57,0.0,0.89,0.51,0.685,0.629,64,128,100,0.0,0,153.285,678
0.93,0.593,0.578,9,49,0.69,0.5,1.0,0.73,0.625,0.665,129,193,100,0.0,0,189.926,679
1.0,0.711,0.558,2,45,0.71,0.1,0.7,0.54,0.694,0.744,52,82,100,0.0,0,81.368,680
0.92,0.452,0.418,8,75,0.67,0.4,0.64,0.5,0.466,0.428,36,86,100,0.0,0,125.526,681
0.89,0.802,0.753,8,34,0.87,0.47,0.86,0.77,0.769,0.779,28,142,100,0.0,0,41.138,682
0.92,0.715,0.747,12,59,0.92,0.07,1.0,0.5,0.741,0.751,5,52,100,0.0,0,98.593,683
0.9,0.569,0.612,23,53,0.5,0.29,0.78,0.51,0.606,0.571,53,83,100,0.0,0,83.274,684
1.0,0.652,0.539,39,76,0.86,0.37,0.87,0.53,0.506,0.645,74,96,100,0.0,0,38.702,685
0.48,0.764,0.656,4,47,0.91,0.46,0.89,0.65,0.727,0.691,25,91,100,0.0,0,49.874,686
1.0,0.764,0.757,10,31,0.54,0.43,0.79,0.78,0.771,0.772,32,94,100,0.0,0,37.0,687
0.95,0.683,0.673,25,62,0.99,0.48,0.94,0.55,0.65,0.669,27,151,100,0.0,0,30.336,688
0.96,0.862,0.893,32,54,0.99,0.49,1.0,0.53,0.802,0.86,187,283,100,0.0,0,42.394,689
0.95,0.692,0.77,21,69,0.69,0.32,0.89,0.53,0.604,0.699,58,178,100,0.0,0,36.491,690
1.0,0.714,0.621,39,60,0.67,0.01,0.95,0.58,0.565,0.709,171,253,100,0.0,0,59.354,691
0.59,0.621,0.553,37,56,0.32,0.01,0.61,0.53,0.621,0.584,1,56,100,0.0,0,54.236,692
0.98,0.717,0.696,28,49,0.34,0.11,0.74,0.53,0.717,0.717,29,50,100,0.0,0,34.207,693
1.0,0.632,0.573,61,99,0.98,0.31,1.0,0.54,0.644,0.569,64,132,100,0.0,0,54.982,694
1.0,0.807,0.762,23,97,0.73,0.31,0.86,0.55,0.728,0.815,101,162,100,0.0,0,35.887,695
1.0,0.602,0.625,4,33,0.88,0.42,0.92,0.53,0.71,0.66,78,150,100,0.0,0,96.949,696
0.91,0.69,0.734,2,47,0.65,0.38,0.93,0.54,0.685,0.684,5,32,100,0.0,0,41.337,697
0.99,0.698,0.727,37,59,0.99,0.5,1.0,0.95,0.696,0.727,37,203,100,0.0,0,69.562,698
0.89,0.627,0.668,1,40,0.62,0.16,0.85,0.57,0.756,0.797,143,186,100,0.0,0,73.123,699
0.8,0.669,0.624,11,44,1.0,0.45,1.0,0.8,0.657,0.644,30,149,100,0.0,0,42.804,700
1.0,0.632,0.787,4,50,0.27,0.0,0.55,0.53,0.656,0.596,46,91,100,0.0,0,50.472,701
1.0,0.716,0.628,13,50,1.0,0.44,1.0,0.76,0.747,0.63,9,81,100,0.0,0,68.264,702
0.97,0.745,0.709,7,43,0.55,0.33,0.5,0.5,0.749,0.707,3,68,100,0.0,0,47.403,703
0.85,0.611,0.754,41,92,0.31,0.27,0.66,0.51,0.682,0.776,34,58,100,0.0,0,63.54,704
0.97,0.803,0.765,6,27,0.86,0.49,0.76,0.55,0.623,0.698,125,165,100,0.0,0,182.647,705
0.73,0.668,0.596,5,54,0.14,0.43,0.98,0.53,0.687,0.561,22,119,100,0.0,0,101.733,706
0.95,0.579,0.603,11,40,0.9,0.49,1.0,1.0,0.642,0.546,93,308,100,0.0,0,105.951,707
0.97,0.751,0.687,12,49,0.95,0.47,0.95,0.57,0.768,0.777,233,331,100,0.0,0,66.099,708
1.0,0.501,0.436,43,91,0.1,0.06,0.54,0.5,0.45,0.455,79,111,100,0.0,0,63.587,709
0.56,0.466,0.693,1,32,0.6,0.49,1.0,0.5,0.541,0.47,37,84,100,0.0,0,108.311,710
0.86,0.704,0.724,7,34,0.86,0.47,1.0,1.0,0.711,0.724,7,168,100,0.0,0,70.882,711
1.0,0.702,0.683,18,44,0.91,0.3,0.77,0.53,0.773,0.665,46,87,100,0.0,0,67.643,712
1.0,0.846,0.808,26,51,1.0,0.39,0.97,0.53,0.751,0.853,9,251,100,0.0,0,42.466,713
0.57,0.564,0.646,5,76,0.94,0.35,0.96,0.53,0.453,0.643,6,137,100,0.0,0,77.13,714
0.73,0.741,0.725,13,53,0.15,0.15,0.7,0.59,0.582,0.731,12,108,100,0.0,0,57.092,715
0.93,0.73,0.559,32,109,1.0,0.25,0.98,0.53,0.736,0.616,79,110,100,0.0,0,57.639,716
0.99,0.655,0.548,5,21,0.4,0.39,0.7,0.52,0.613,0.594,10,44,100,0.0,0,243.599,717
0.61,0.776,0.717,16,43,0.96,0.49,0.99,0.63,0.759,0.784,161,257,100,0.0,0,60.033,718
0.92,0.518,0.626,9,49,0.84,0.34,0.63,0.52,0.531,0.647,24,93,100,0.0,0,64.773,719
0.86,0.622,0.527,27,47,0.55,0.34,0.6,0.5,0.622,0.632,10,47,100,0.0,0,41.186,720
1.0,0.665,0.514,20,38,0.69,0.37,1.0,0.53,0.702,0.536,15,49,100,0.0,0,62.55,721
1.0,0.875,0.878,50,90,0.86,0.46,1.0,0.59,0.812,0.841,37,239,100,0.0,0,47.76,722
1.0,0.733,0.735,22,82,0.91,0.49,1.0,0.7,0.697,0.72,69,133,100,0.0,0,45.903,723
0.9,0.69,0.635,25,67,0.95,0.1,0.82,0.51,0.588,0.73,88,108,100,0.0,0,46.409,724
0.99,0.64,0.72,90,128,0.8,0.5,0.9,0.57,0.64,0.609,141,182,100,0.0,0,129.056,725
0.94,0.807,0.756,3,58,1.0,0.49,1.0,0.84,0.755,0.649,107,269,100,0.0,0,55.784,726
1.0,0.739,0.678,33,54,0.89,0.4,0.86,0.55,0.623,0.74,138,210,100,0.0,0,42.898,727
1.0,0.434,0.362,121,173,0.82,0.4,0.98,0.54,0.57,0.433,170,226,100,0.0,0,40.293,728
0.98,0.686,0.709,20,63,0.65,0.38,0.8,0.51,0.709,0.685,27,176,100,0.0,0,34.683,729
1.0,0.615,0.658,30,51,0.99,0.35,1.0,0.51,0.615,0.673,29,51,100,0.0,0,35.003,730
0.66,0.616,0.742,23,67,0.66,0.49,0.72,0.5,0.65,0.742,23,55,100,0.0,0,57.262,731
0.98,0.733,0.75,48,99,0.58,0.08,0.87,0.55,0.794,0.702,147,176,100,0.0,0,149.224,732
0.94,0.691,0.635,20,41,0.89,0.47,1.0,1.0,0.567,0.753,55,274,100,0.0,0,45.492,733
0.9,0.851,0.787,5,77,1.0,0.48,0.96,0.62,0.832,0.823,37,86,100,0.0,0,48.389,734
0.93,0.649,0.775,6,79,1.0,0.32,0.98,0.53,0.641,0.614,262,285,100,0.0,0,42.208,735
0.87,0.689,0.547,1,21,0.97,0.47,1.0,0.67,0.578,0.585,46,94,100,0.0,0,89.119,736
0.97,0.826,0.866,12,45,1.0,0.39,0.97,0.55,0.78,0.847,17,73,100,0.0,0,39.869,737
0.78,0.66,0.695,1,59,0.78,0.16,1.0,0.52,0.724,0.695,1,35,100,0.0,0,48.542,738
1.0,0.873,0.861,39,63,0.98,0.45,1.0,0.51,0.873,0.851,32,63,100,0.0,0,40.609,739
1.0,0.62,0.748,36,75,0.97,0.46,1.0,0.96,0.867,0.748,39,447,100,0.0,0,459.839,740
0.85,0.839,0.797,20,64,0.85,0.47,1.0,1.0,0.854,0.797,20,193,100,0.0,0,56.914,741
0.74,0.516,0.519,41,72,0.82,0.42,0.67,0.5,0.538,0.578,25,162,100,0.0,0,53.625,742
0.96,0.876,0.881,7,41,1.0,0.5,1.0,1.0,0.794,0.867,125,360,100,0.0,0,241.807,743
0.54,0.645,0.654,4,32,0.4,0.19,0.57,0.55,0.662,0.647,65,205,100,0.0,0,39.881,744
0.94,0.548,0.484,3,32,0.71,0.02,0.96,0.51,0.544,0.619,170,218,100,0.0,0,36.461,745
1.0,0.609,0.594,31,77,1.0,0.47,0.99,0.65,0.658,0.594,31,103,100,0.0,0,55.244,746
0.47,0.686,0.687,4,37,0.47,0.5,0.98,0.73,0.655,0.687,4,55,100,0.0,0,39.346,747
0.96,0.544,0.604,16,53,0.94,0.47,1.0,1.0,0.424,0.586,41,204,100,0.0,0,80.266,748
1.0,0.703,0.675,16,40,0.78,0.44,1.0,0.54,0.69,0.808,199,252,100,0.0,0,62.66,749
1.0,0.62,0.642,14,61,0.89,0.46,1.0,0.55,0.561,0.576,33,251,100,0.0,0,31.454,750
0.98,0.886,0.776,61,96,0.51,0.3,0.75,0.52,0.732,0.851,119,172,100,0.0,0,107.34,751
1.0,0.743,0.745,37,56,0.84,0.48,0.86,0.67,0.615,0.727,199,257,100,0.0,0,41.318,752
1.0,0.875,0.817,17,44,0.67,0.4,0.88,0.5,0.713,0.771,90,128,100,0.0,0,38.399,753
1.0,0.758,0.658,31,73,0.42,0.45,1.0,0.53,0.737,0.658,190,244,100,0.0,0,93.362,754
1.0,0.757,0.731,7,41,0.65,0.49,1.0,1.0,0.658,0.687,73,244,100,0.0,0,158.384,755
1.0,0.664,0.528,42,57,0.49,0.35,0.74,0.55,0.688,0.72,85,114,100,0.0,0,93.745,756
0.91,0.316,0.31,82,116,0.94,0.5,1.0,0.61,0.346,0.307,72,219,100,0.0,0,51.293,757
1.0,0.581,0.612,12,33,1.0,0.49,0.98,0.55,0.664,0.612,12,88,100,0.0,0,52.974,758
1.0,0.623,0.595,25,50,0.32,0.2,0.69,0.53,0.561,0.636,4,37,100,0.0,0,55.595,759
0.87,0.717,0.683,58,96,0.86,0.23,0.99,0.5,0.747,0.722,74,113,100,0.0,0,89.838,760
1.0,0.757,0.74,68,105,1.0,0.08,1.0,0.55,0.745,0.735,180,230,100,0.0,0,80.435,761
0.86,0.722,0.697,11,52,0.96,0.4,0.96,0.51,0.671,0.751,133,213,100,0.0,0,132.41,762
1.0,0.725,0.525,8,38,0.71,0.5,0.81,0.56,0.535,0.613,58,129,100,0.0,0,62.61,763
0.94,0.845,0.86,34,64,0.83,0.37,0.83,0.52,0.854,0.866,74,109,100,0.0,0,28.211,764
0.9,0.548,0.72,32,80,0.66,0.01,0.79,0.53,0.548,0.718,51,80,100,0.0,0,54.6,765
0.7,0.802,0.697,12,29,0.3,0.22,0.82,0.52,0.802,0.71,16,29,100,0.0,0,67.468,766
0.98,0.802,0.777,32,66,0.86,0.46,0.94,0.61,0.762,0.712,137,173,100,0.0,0,44.116,767
0.94,0.602,0.544,22,54,0.95,0.47,1.0,0.91,0.698,0.624,115,247,100,0.0,0,37.144,768
1.0,0.822,0.831,39,68,0.95,0.5,0.98,0.51,0.834,0.802,53,122,100,0.0,0,60.68,769
0.91,0.443,0.493,56,123,0.46,0.49,1.0,0.96,0.528,0.456,119,314,100,0.0,0,47.043,770
1.0,0.845,0.872,7,62,0.92,0.5,0.96,0.56,0.823,0.881,69,123,100,0.0,0,40.64,771
0.73,0.755,0.817,23,61,0.73,0.36,1.0,1.0,0.649,0.817,23,101,100,0.0,0,72.048,772
0.98,0.619,0.731,8,38,0.69,0.07,0.81,0.57,0.722,0.692,54,83,100,0.0,0,43.243,773
1.0,0.546,0.568,46,59,0.85,0.45,0.88,0.53,0.685,0.573,77,133,100,0.0,0,57.2,774
0.93,0.731,0.729,12,35,0.92,0.13,1.0,0.51,0.807,0.877,284,369,100,0.0,0,40.667,775
1.0,0.729,0.774,5,50,0.98,0.44,0.99,0.55,0.811,0.796,147,268,100,0.0,0,32.073,776
0.69,0.773,0.705,45,78,1.0,0.48,1.0,0.99,0.746,0.733,56,207,100,0.0,0,61.517,777
0.97,0.817,0.803,37,78,0.97,0.45,0.9,0.62,0.816,0.803,37,103,100,0.0,0,83.413,778
1.0,0.762,0.674,8,19,0.99,0.12,0.77,0.55,0.79,0.824,131,209,100,0.0,0,75.16,779
1.0,0.806,0.836,4,38,1.0,0.42,0.92,0.52,0.79,0.851,104,167,100,0.0,0,94.919,780
1.0,0.77,0.794,74,105,0.98,0.47,1.0,0.99,0.796,0.766,8,161,100,0.0,0,74.053,781
0.64,0.681,0.452,26,43,0.39,0.08,0.95,0.53,0.748,0.656,54,84,100,0.0,0,142.001,782
1.0,0.786,0.794,9,63,0.96,0.49,1.0,1.0,0.678,0.749,173,324,100,0.0,0,27.203,783
0.45,0.646,0.757,27,53,0.82,0.48,0.76,0.55,0.656,0.71,141,176,100,0.0,0,45.765,784
1.0,0.8,0.719,18,81,0.75,0.47,0.78,0.52,0.803,0.802,78,113,100,0.0,0,51.224,785
0.89,0.397,0.351,6,41,0.89,0.49,1.0,0.53,0.402,0.351,6,46,100,0.0,0,62.163,786
1.0,0.677,0.653,39,69,0.55,0.47,0.61,0.5,0.545,0.686,71,106,100,0.0,0,112.946,787
1.0,0.694,0.789,24,53,0.51,0.5,1.0,1.0,0.769,0.776,35,258,100,0.0,0,69.41,788
1.0,0.795,0.783,11,30,1.0,0.43,1.0,0.87,0.82,0.685,143,267,100,0.0,0,43.361,789
0.6,0.48,0.607,37,91,0.59,0.33,0.57,0.5,0.619,0.693,1,34,100,0.0,0,53.328,790
1.0,0.652,0.608,13,52,0.54,0.5,0.83,0.79,0.582,0.626,38,91,100,0.0,0,87.502,791
1.0,0.526,0.598,14,55,0.86,0.49,1.0,1.0,0.588,0.59,16,177,100,0.0,0,44.918,792
0.57,0.735,0.729,8,45,0.57,0.44,0.74,0.54,0.764,0.729,8,37,100,0.0,0,67.229,793
1.0,0.456,0.506,28,111,0.44,0.08,0.53,0.51,0.456,0.497,23,111,100,0.0,0,96.338,794
1.0,0.773,0.748,45,83,0.09,0.47,0.86,0.63,0.774,0.726,273,321,100,0.0,0,64.133,795
1.0,0.761,0.78,45,77,1.0,0.5,1.0,0.61,0.804,0.823,183,249,100,0.0,0,40.626,796
0.96,0.588,0.357,74,131,1.0,0.43,1.0,0.76,0.578,0.384,86,145,100,0.0,0,35.859,797
0.97,0.836,0.798,1,40,0.87,0.0,0.88,0.53,0.802,0.882,191,234,100,0.0,0,63.848,798
0.93,0.854,0.887,14,58,0.49,0.49,0.76,0.56,0.711,0.748,200,276,100,0.0,0,102.779,799
0.99,0.65,0.552,16,38,0.66,0.5,0.97,0.63,0.64,0.618,26,58,100,0.1,0,54.309,800
0.94,0.811,0.761,4,36,0.9,0.45,0.98,0.83,0.667,0.778,32,162,100,0.1,0,44.656,801
1.0,0.728,0.674,8,28,0.99,0.46,0.96,0.55,0.684,0.729,26,98,100,0.1,0,61.952,802
1.0,0.577,0.584,4,32,0.63,0.04,0.78,0.51,0.577,0.619,39,122,100,0.1,0,39.242,803
1.0,0.796,0.774,12,39,1.0,0.1,1.0,0.51,0.832,0.824,161,227,100,0.1,0,64.23,804
0.93,0.704,0.831,8,45,0.93,0.48,0.81,0.53,0.686,0.831,8,46,100,0.1,0,110.543,805
1.0,0.687,0.669,21,50,0.98,0.46,1.0,0.78,0.71,0.68,57,134,100,0.1,0,59.301,806
0.98,0.697,0.818,3,80,0.73,0.36,0.8,0.51,0.781,0.86,294,339,100,0.1,0,95.203,807
0.95,0.702,0.597,4,72,0.98,0.46,0.98,0.6,0.779,0.802,227,259,100,0.1,0,48.97,808
0.97,0.787,0.802,3,22,0.58,0.5,1.0,1.0,0.652,0.766,24,261,100,0.1,0,56.909,809
1.0,0.644,0.566,2,52,0.88,0.49,0.99,0.56,0.732,0.649,142,204,100,0.1,0,43.799,810
1.0,0.697,0.763,47,103,0.8,0.48,1.0,1.0,0.699,0.844,324,460,100,0.1,0,36.191,811
0.93,0.706,0.672,1,41,0.75,0.32,0.89,0.5,0.78,0.726,26,87,100,0.1,0,164.632,812
0.92,0.828,0.832,14,55,1.0,0.49,1.0,0.87,0.826,0.88,137,367,100,0.1,0,45.951,813
1.0,0.874,0.841,2,30,1.0,0.44,0.77,0.53,0.777,0.802,312,360,100,0.1,0,60.641,814
1.0,0.928,0.892,40,62,0.95,0.09,1.0,0.55,0.925,0.91,46,74,100,0.1,0,49.389,815
1.0,0.863,0.733,29,72,0.89,0.45,0.88,0.59,0.76,0.762,109,254,100,0.1,0,140.906,816
0.94,0.801,0.73,19,57,0.92,0.5,1.0,0.94,0.743,0.79,63,181,100,0.1,0,43.698,817
0.94,0.731,0.763,51,83,1.0,0.49,1.0,0.88,0.81,0.704,246,365,100,0.1,0,84.27,818
0.99,0.869,0.802,9,25,0.89,0.45,0.95,0.51,0.836,0.795,308,373,100,0.1,0,55.865,819
0.99,0.913,0.949,2,46,1.0,0.33,0.98,0.5,0.838,0.893,28,110,100,0.1,0,153.893,820
1.0,0.703,0.755,21,69,0.42,0.5,0.78,0.75,0.749,0.807,325,376,100,0.1,0,77.289,821
0.97,0.702,0.703,8,22,1.0,0.46,0.9,0.68,0.625,0.631,269,475,100,0.1,0,43.761,822
0.88,0.611,0.732,26,86,0.88,0.5,0.72,0.51,0.608,0.732,26,169,100,0.1,0,48.322,823
0.76,0.662,0.702,9,52,0.78,0.48,0.98,0.64,0.706,0.747,324,443,100,0.1,0,132.063,824
0.84,0.53,0.69,6,70,0.65,0.5,0.65,0.54,0.501,0.675,14,143,100,0.1,0,39.999,825
1.0,0.833,0.85,14,47,1.0,0.47,1.0,0.56,0.823,0.85,14,48,100,0.1,0,32.203,826
1.0,0.646,0.748,5,40,0.94,0.48,1.0,1.0,0.606,0.814,165,307,100,0.1,0,46.915,827
0.97,0.873,0.86,37,52,1.0,0.38,0.97,0.5,0.671,0.591,175,228,100,0.1,0,53.883,828
1.0,0.541,0.603,36,61,1.0,0.45,1.0,0.57,0.706,0.668,125,165,100,0.1,0,54.593,829
1.0,0.858,0.799,32,49,1.0,0.43,0.9,0.6,0.845,0.861,134,217,100,0.1,0,61.766,830
1.0,0.887,0.873,38,75,0.97,0.5,0.98,0.6,0.866,0.889,87,148,100,0.1,0,55.076,831
1.0,0.717,0.685,31,107,1.0,0.5,1.0,0.55,0.708,0.699,132,176,100,0.1,0,57.394,832
1.0,0.734,0.731,23,69,0.98,0.47,1.0,0.96,0.788,0.816,369,512,100,0.1,0,238.028,833
0.98,0.845,0.905,42,77,0.91,0.49,0.99,0.8,0.808,0.855,93,375,100,0.1,0,60.709,834
0.97,0.682,0.798,38,61,0.77,0.3,0.84,0.55,0.664,0.779,39,65,100,0.1,0,110.07,835
1.0,0.828,0.783,3,16,0.94,0.49,1.0,0.71,0.714,0.754,143,224,100,0.1,0,95.141,836
0.8,0.694,0.681,33,57,0.81,0.5,0.95,0.68,0.707,0.583,23,88,100,0.1,0,111.809,837
1.0,0.764,0.743,17,45,1.0,0.47,1.0,0.52,0.652,0.76,55,119,100,0.1,0,46.837,838
1.0,0.692,0.815,20,50,0.95,0.47,0.91,0.57,0.695,0.827,30,56,100,0.1,0,126.257,839
1.0,0.811,0.771,15,50,0.35,0.5,0.87,0.5,0.723,0.865,127,179,100,0.1,0,58.247,840
1.0,0.749,0.803,17,45,1.0,0.49,1.0,1.0,0.817,0.803,17,223,100,0.1,0,154.072,841
0.99,0.825,0.761,29,71,0.98,0.46,0.98,0.56,0.789,0.861,147,218,100,0.1,0,47.174,842
1.0,0.704,0.724,2,22,0.6,0.49,1.0,0.98,0.669,0.618,143,337,100,0.1,0,44.32,843
0.82,0.704,0.778,12,84,0.91,0.38,0.93,0.5,0.78,0.767,118,230,100,0.1,0,68.801,844
1.0,0.75,0.709,41,59,0.67,0.47,0.8,0.66,0.811,0.775,53,119,100,0.1,0,72.356,845
0.91,0.77,0.74,5,45,0.12,0.43,0.53,0.52,0.728,0.746,87,100,100,0.1,0,82.124,846
1.0,0.916,0.921,6,47,0.92,0.41,0.97,0.51,0.825,0.923,119,164,100,0.1,0,71.739,847
0.99,0.766,0.822,34,63,0.84,0.5,1.0,1.0,0.763,0.786,182,356,100,0.1,0,150.714,848
1.0,0.576,0.574,6,24,0.99,0.48,1.0,0.73,0.684,0.586,150,222,100,0.1,0,112.638,849
0.93,0.78,0.792,11,27,0.73,0.46,1.0,1.0,0.713,0.779,24,231,100,0.1,0,93.877,850
0.92,0.749,0.776,24,69,0.92,0.47,1.0,0.98,0.807,0.776,24,142,100,0.1,0,38.467,851
1.0,0.84,0.771,94,119,0.86,0.46,0.94,0.74,0.64,0.85,150,256,100,0.1,0,43.431,852
1.0,0.77,0.765,16,44,0.71,0.07,0.98,0.53,0.701,0.722,31,92,100,0.1,0,109.669,853
1.0,0.774,0.746,12,69,0.92,0.2,1.0,0.5,0.759,0.76,223,277,100,0.1,0,38.101,854
1.0,0.633,0.639,15,42,1.0,0.03,0.99,0.55,0.77,0.616,175,208,100,0.1,0,52.963,855
1.0,0.732,0.745,2,73,0.84,0.49,1.0,1.0,0.71,0.812,291,559,100,0.1,0,171.321,856
0.99,0.507,0.514,37,92,0.46,0.03,0.81,0.51,0.491,0.567,25,98,100,0.1,0,70.956,857
0.96,0.795,0.799,4,75,0.78,0.33,0.89,0.54,0.737,0.773,13,38,100,0.1,0,34.686,858
1.0,0.851,0.916,29,58,0.92,0.45,1.0,1.0,0.599,0.79,73,220,100,0.1,0,80.414,859
1.0,0.846,0.871,8,57,0.49,0.32,0.92,0.56,0.796,0.872,70,99,100,0.1,0,65.719,860
0.99,0.834,0.751,35,68,1.0,0.14,1.0,0.54,0.845,0.876,84,121,100,0.1,0,62.263,861
1.0,0.841,0.809,40,65,0.93,0.49,0.86,0.78,0.586,0.788,96,207,100,0.1,0,98.588,862
0.99,0.633,0.615,15,38,0.92,0.5,1.0,0.59,0.69,0.643,95,188,100,0.1,0,60.214,863
1.0,0.719,0.675,20,75,0.89,0.48,1.0,1.0,0.655,0.738,128,225,100,0.1,0,84.303,864
1.0,0.758,0.763,8,64,0.99,0.41,1.0,0.63,0.692,0.789,79,155,100,0.1,0,24.275,865
0.99,0.798,0.783,6,39,0.63,0.49,1.0,1.0,0.647,0.72,450,678,100,0.1,0,45.411,866
0.86,0.695,0.694,37,79,0.86,0.3,0.77,0.51,0.608,0.694,173,274,100,0.1,0,54.634,867
1.0,0.757,0.732,7,46,0.92,0.44,1.0,0.5,0.677,0.686,85,127,100,0.1,0,185.198,868
1.0,0.848,0.874,8,37,0.95,0.46,1.0,0.5,0.771,0.862,116,279,100,0.1,0,77.886,869
0.97,0.747,0.779,20,31,0.61,0.4,1.0,0.51,0.679,0.714,68,125,100,0.1,0,46.24,870
1.0,0.725,0.753,87,124,0.99,0.25,0.99,0.61,0.74,0.837,155,334,100,0.1,0,65.472,871
0.93,0.691,0.757,4,41,1.0,0.14,0.97,0.52,0.79,0.771,127,240,100,0.1,0,52.264,872
0.86,0.767,0.77,32,61,0.84,0.34,1.0,0.53,0.754,0.756,251,313,100,0.1,0,47.197,873
0.92,0.578,0.557,11,43,0.34,0.35,0.61,0.5,0.483,0.596,50,116,100,0.1,0,109.916,874
0.91,0.846,0.774,17,42,0.84,0.5,0.86,0.59,0.803,0.781,36,117,100,0.1,0,60.37,875
1.0,0.699,0.58,12,42,0.43,0.42,0.63,0.5,0.546,0.679,34,83,100,0.1,0,103.249,876
1.0,0.639,0.688,25,70,1.0,0.43,1.0,0.99,0.646,0.688,25,148,100,0.1,0,26.768,877
1.0,0.749,0.797,13,47,0.88,0.26,0.88,0.55,0.589,0.757,72,141,100,0.1,0,36.817,878
0.99,0.734,0.807,26,52,0.57,0.5,0.92,0.5,0.793,0.797,3,100,100,0.1,0,62.707,879
0.77,0.622,0.648,31,56,0.49,0.25,0.72,0.55,0.719,0.679,48,73,100,0.1,0,46.552,880
1.0,0.755,0.784,19,67,0.47,0.48,1.0,1.0,0.685,0.786,28,342,100,0.1,0,47.783,881
0.96,0.876,0.825,43,59,0.84,0.47,0.94,0.93,0.9,0.846,114,541,100,0.1,0,74.848,882
0.97,0.625,0.632,6,50,0.97,0.5,1.0,0.82,0.591,0.632,6,59,100,0.1,0,33.624,883
1.0,0.673,0.644,8,48,0.68,0.04,0.97,0.52,0.712,0.613,18,90,100,0.1,0,38.846,884
1.0,0.763,0.682,26,67,0.99,0.42,1.0,0.5,0.792,0.747,269,412,100,0.1,0,74.88,885
0.08,0.85,0.872,88,167,0.96,0.28,0.98,0.5,0.852,0.863,122,146,100,0.1,0,61.365,886
1.0,0.842,0.783,7,32,0.94,0.35,0.92,0.51,0.706,0.831,54,139,100,0.1,0,47.673,887
1.0,0.519,0.616,18,73,0.92,0.49,1.0,1.0,0.51,0.626,30,179,100,0.1,0,100.848,888
1.0,0.694,0.734,7,29,0.98,0.45,1.0,0.5,0.68,0.734,12,92,100,0.1,0,129.51,889
1.0,0.722,0.739,28,85,0.9,0.1,0.97,0.5,0.748,0.711,287,344,100,0.1,0,31.776,890
0.72,0.587,0.598,33,65,1.0,0.49,1.0,0.89,0.74,0.568,60,147,100,0.1,0,41.086,891
0.97,0.62,0.812,14,38,0.96,0.32,0.92,0.51,0.735,0.73,237,280,100,0.1,0,173.092,892
1.0,0.595,0.585,18,90,0.89,0.49,0.87,0.65,0.545,0.618,48,128,100,0.1,0,49.337,893
1.0,0.931,0.849,23,40,0.75,0.39,0.99,0.61,0.854,0.868,148,176,100,0.1,0,126.862,894
0.97,0.784,0.779,48,67,0.35,0.44,0.72,0.56,0.754,0.831,180,269,100,0.1,0,33.844,895
1.0,0.697,0.693,32,63,0.78,0.49,0.98,0.6,0.614,0.701,57,95,100,0.1,0,106.451,896
0.8,0.723,0.801,47,76,1.0,0.45,1.0,0.51,0.696,0.617,141,232,100,0.1,0,159.619,897
0.94,0.892,0.874,28,65,1.0,0.45,1.0,0.97,0.863,0.895,47,476,100,0.1,0,181.641,898
1.0,0.728,0.694,6,25,0.48,0.3,1.0,0.51,0.766,0.751,207,287,100,0.1,0,163.14,899
0.96,0.496,0.611,7,56,0.93,0.41,0.98,0.53,0.486,0.512,59,88,100,0.1,0,139.483,900
0.93,0.622,0.722,20,42,0.84,0.5,0.99,0.58,0.703,0.721,21,164,100,0.1,0,54.433,901
0.99,0.771,0.801,29,85,0.93,0.47,1.0,0.85,0.827,0.84,110,211,100,0.1,0,35.407,902
1.0,0.753,0.65,7,48,0.95,0.48,1.0,0.79,0.771,0.722,41,164,100,0.1,0,60.433,903
1.0,0.743,0.759,19,58,0.96,0.36,0.9,0.52,0.655,0.634,111,142,100,0.1,0,81.025,904
1.0,0.697,0.798,8,61,0.85,0.42,0.96,0.57,0.78,0.708,44,145,100,0.1,0,43.908,905
1.0,0.741,0.795,34,55,0.88,0.48,1.0,0.63,0.757,0.769,94,144,100,0.1,0,71.785,906
0.98,0.669,0.763,14,77,0.23,0.29,0.76,0.5,0.562,0.797,63,94,100,0.1,0,94.172,907
1.0,0.731,0.64,37,89,0.86,0.22,1.0,0.51,0.705,0.602,50,110,100,0.1,0,61.826,908
0.8,0.571,0.584,17,35,1.0,0.46,1.0,0.98,0.748,0.579,55,205,100,0.1,0,54.663,909
1.0,0.778,0.815,50,82,0.9,0.5,1.0,0.5,0.681,0.862,47,265,100,0.1,0,74.464,910
1.0,0.814,0.723,40,66,0.46,0.5,0.94,0.51,0.701,0.81,24,86,100,0.1,0,44.567,911
1.0,0.884,0.774,20,86,0.74,0.43,0.82,0.5,0.794,0.839,60,121,100,0.1,0,66.121,912
1.0,0.691,0.743,33,77,1.0,0.49,0.99,0.63,0.695,0.743,33,87,100,0.1,0,32.757,913
1.0,0.694,0.678,1,36,0.75,0.28,0.92,0.61,0.882,0.813,113,144,100,0.1,0,50.428,914
1.0,0.616,0.518,39,80,0.95,0.45,1.0,0.55,0.605,0.579,329,406,100,0.1,0,42.984,915
0.86,0.706,0.712,15,42,0.98,0.47,0.97,0.52,0.618,0.66,100,140,100,0.1,0,32.304,916
0.87,0.725,0.823,1,14,0.87,0.34,0.99,0.52,0.677,0.823,1,99,100,0.1,0,115.299,917
0.93,0.777,0.762,42,77,0.93,0.49,0.89,0.52,0.68,0.779,100,199,100,0.1,0,49.667,918
0.98,0.739,0.779,33,51,0.99,0.48,1.0,0.91,0.737,0.714,25,152,100,0.1,0,48.569,919
1.0,0.807,0.759,5,36,0.9,0.08,0.92,0.51,0.934,0.917,53,94,100,0.1,0,61.057,920
1.0,0.614,0.577,33,63,0.78,0.44,0.98,0.61,0.617,0.534,9,72,100,0.1,0,181.315,921
0.99,0.83,0.881,6,23,0.75,0.21,0.96,0.57,0.787,0.792,381,420,100,0.1,0,42.831,922
0.94,0.7,0.662,19,48,1.0,0.5,0.96,0.51,0.77,0.763,108,218,100,0.1,0,67.769,923
0.78,0.872,0.822,20,61,1.0,0.36,0.99,0.53,0.865,0.833,115,458,100,0.1,0,126.916,924
1.0,0.833,0.836,17,71,0.79,0.42,0.8,0.54,0.737,0.869,31,190,100,0.1,0,50.329,925
0.92,0.736,0.803,10,25,0.17,0.07,0.57,0.52,0.72,0.63,110,125,100,0.1,0,43.38,926
0.97,0.904,0.76,9,43,0.88,0.46,1.0,0.82,0.8,0.937,63,137,100,0.1,0,41.722,927
0.97,0.687,0.7,16,81,0.78,0.46,0.91,0.51,0.717,0.783,227,483,100,0.1,0,75.327,928
0.86,0.696,0.818,40,70,0.86,0.5,0.72,0.62,0.629,0.818,40,83,100,0.1,0,100.245,929
0.54,0.797,0.821,11,51,0.54,0.48,0.97,0.52,0.818,0.821,11,49,100,0.1,0,44.066,930
1.0,0.76,0.686,17,45,0.97,0.49,1.0,0.5,0.804,0.699,78,170,100,0.1,0,55.596,931
1.0,0.613,0.497,19,37,0.89,0.28,1.0,0.54,0.567,0.514,8,59,100,0.1,0,33.708,932
1.0,0.599,0.605,26,110,1.0,0.5,1.0,0.53,0.639,0.605,26,113,100,0.1,0,27.675,933
0.78,0.83,0.901,10,27,1.0,0.48,1.0,0.55,0.846,0.8,169,232,100,0.1,0,100.262,934
1.0,0.855,0.823,22,80,0.98,0.49,1.0,0.98,0.827,0.823,214,359,100,0.1,0,192.831,935
1.0,0.621,0.634,14,90,0.87,0.43,0.93,0.5,0.705,0.614,157,219,100,0.1,0,40.224,936
1.0,0.897,0.81,20,56,0.86,0.45,0.99,0.5,0.895,0.841,49,149,100,0.1,0,33.915,937
0.4,0.638,0.613,11,65,0.14,0.09,0.55,0.51,0.629,0.657,50,72,100,0.1,0,69.296,938
0.99,0.686,0.594,8,57,1.0,0.05,0.75,0.53,0.759,0.749,67,132,100,0.1,0,284.64,939
0.94,0.703,0.784,5,42,0.78,0.5,0.99,0.72,0.794,0.772,143,218,100,0.1,0,120.267,940
1.0,0.733,0.751,40,72,0.95,0.48,0.94,0.57,0.614,0.737,73,218,100,0.1,0,64.635,941
0.41,0.774,0.76,13,39,1.0,0.32,1.0,0.55,0.917,0.784,286,329,100,0.1,0,40.981,942
0.97,0.61,0.686,6,30,1.0,0.47,1.0,1.0,0.636,0.624,52,212,100,0.1,0,67.595,943
0.99,0.661,0.717,37,97,0.86,0.43,0.93,0.91,0.642,0.656,188,344,100,0.1,0,47.265,944
1.0,0.766,0.835,15,67,0.49,0.35,0.83,0.5,0.742,0.814,112,129,100,0.1,0,57.722,945
1.0,0.684,0.721,13,59,1.0,0.49,1.0,0.84,0.762,0.664,201,298,100,0.1,0,38.863,946
1.0,0.695,0.671,46,61,0.98,0.35,0.96,0.52,0.795,0.679,113,213,100,0.1,0,342.14,947
0.98,0.627,0.606,72,124,0.98,0.03,1.0,0.61,0.637,0.645,174,247,100,0.1,0,34.365,948
0.89,0.705,0.729,48,87,1.0,0.48,1.0,0.99,0.656,0.716,43,298,100,0.1,0,98.849,949
1.0,0.724,0.803,7,48,0.75,0.47,1.0,0.5,0.889,0.733,127,221,100,0.1,0,44.405,950
0.95,0.812,0.725,29,69,0.99,0.5,0.81,0.77,0.706,0.794,64,259,100,0.1,0,41.198,951
0.93,0.686,0.712,97,130,0.99,0.48,1.0,1.0,0.678,0.698,147,431,100,0.1,0,54.706,952
0.88,0.802,0.837,16,34,0.77,0.49,0.89,0.57,0.833,0.816,102,124,100,0.1,0,70.607,953
0.99,0.773,0.742,5,35,0.96,0.38,0.6,0.52,0.582,0.816,18,59,100,0.1,0,83.726,954
1.0,0.788,0.775,7,39,1.0,0.45,1.0,0.5,0.818,0.868,111,178,100,0.1,0,32.763,955
1.0,0.808,0.737,1,23,0.7,0.5,0.96,0.51,0.774,0.825,20,45,100,0.1,0,36.337,956
1.0,0.808,0.819,8,66,0.76,0.43,0.96,0.55,0.766,0.847,316,378,100,0.1,0,53.433,957
1.0,0.728,0.751,12,53,0.94,0.43,1.0,1.0,0.78,0.826,163,558,100,0.1,0,45.741,958
0.98,0.788,0.744,4,44,0.77,0.45,1.0,0.53,0.766,0.856,431,559,100,0.1,0,42.129,959
1.0,0.648,0.686,2,24,0.57,0.09,0.83,0.53,0.722,0.805,141,191,100,0.1,0,158.107,960
1.0,0.717,0.67,23,57,1.0,0.47,0.95,0.54,0.64,0.696,37,234,100,0.1,0,114.428,961
1.0,0.882,0.836,83,162,0.96,0.22,0.91,0.55,0.847,0.886,246,329,100,0.1,0,41.12,962
1.0,0.859,0.816,21,62,0.9,0.5,1.0,0.92,0.75,0.88,73,178,100,0.1,0,27.717,963
0.98,0.634,0.637,13,54,0.98,0.48,1.0,1.0,0.644,0.637,13,126,100,0.1,0,28.537,964
1.0,0.823,0.805,24,45,0.74,0.41,1.0,0.52,0.747,0.716,314,450,100,0.1,0,53.97,965
0.82,0.692,0.603,2,29,1.0,0.43,1.0,0.5,0.665,0.614,53,89,100,0.1,0,53.146,966
1.0,0.849,0.842,40,78,0.53,0.5,1.0,1.0,0.628,0.804,119,248,100,0.1,0,117.087,967
1.0,0.638,0.698,85,129,0.37,0.05,0.88,0.5,0.664,0.661,52,84,100,0.1,0,62.992,968
0.92,0.714,0.848,7,49,0.6,0.43,0.55,0.5,0.646,0.833,9,45,100,0.1,0,46.546,969
0.95,0.733,0.834,22,56,1.0,0.36,1.0,0.51,0.734,0.734,73,101,100,0.1,0,41.783,970
0.97,0.594,0.521,42,81,0.99,0.44,1.0,1.0,0.705,0.506,65,242,100,0.1,0,39.95,971
1.0,0.764,0.732,15,51,0.46,0.0,0.74,0.52,0.821,0.75,75,129,100,0.1,0,88.843,972
0.99,0.87,0.841,2,31,0.81,0.48,1.0,1.0,0.905,0.885,199,389,100,0.1,0,264.159,973
0.84,0.489,0.479,30,68,0.92,0.48,1.0,0.71,0.588,0.496,95,190,100,0.1,0,71.499,974
0.95,0.63,0.638,60,101,0.86,0.49,0.99,0.55,0.656,0.611,4,66,100,0.1,0,64.326,975
1.0,0.779,0.747,17,83,0.42,0.21,0.89,0.53,0.732,0.716,35,77,100,0.1,0,50.591,976
1.0,0.684,0.566,23,40,0.76,0.48,0.94,0.65,0.515,0.662,195,233,100,0.1,0,84.31,977
0.84,0.551,0.565,28,72,1.0,0.21,1.0,0.51,0.692,0.566,129,224,100,0.1,0,77.403,978
0.97,0.823,0.816,17,46,0.82,0.44,0.98,0.6,0.88,0.827,91,212,100,0.1,0,41.683,979
0.89,0.769,0.702,22,50,0.89,0.47,1.0,0.59,0.738,0.702,22,61,100,0.1,0,152.157,980
0.96,0.659,0.679,8,30,0.79,0.3,1.0,0.56,0.651,0.621,20,133,100,0.1,0,70.807,981
1.0,0.674,0.749,2,25,1.0,0.5,1.0,0.6,0.834,0.821,143,224,100,0.1,0,77.018,982
0.86,0.776,0.765,76,149,0.86,0.39,0.93,0.51,0.787,0.765,76,119,100,0.1,0,119.928,983
1.0,0.771,0.611,8,45,0.82,0.13,0.85,0.5,0.67,0.725,60,89,100,0.1,0,43.623,984
0.93,0.748,0.778,18,48,0.86,0.48,0.86,0.68,0.698,0.832,68,94,100,0.1,0,50.821,985
0.9,0.703,0.745,32,60,0.93,0.5,0.9,0.54,0.77,0.85,103,140,100,0.1,0,32.899,986
0.98,0.651,0.908,36,89,0.78,0.44,0.59,0.51,0.62,0.792,48,81,100,0.1,0,36.2,987
1.0,0.84,0.83,35,86,0.9,0.46,1.0,0.66,0.86,0.869,106,209,100,0.1,0,65.696,988
1.0,0.749,0.836,55,99,0.53,0.39,0.96,0.52,0.762,0.807,66,102,100,0.1,0,55.251,989
0.99,0.856,0.799,25,78,0.97,0.44,1.0,0.53,0.86,0.817,233,396,100,0.1,0,53.698,990
0.95,0.876,0.884,58,101,0.95,0.49,0.99,0.5,0.76,0.884,58,183,100,0.1,0,97.205,991
0.98,0.627,0.721,1,54,0.53,0.43,0.65,0.53,0.61,0.717,13,63,100,0.1,0,40.053,992
1.0,0.703,0.776,19,75,0.89,0.49,1.0,0.98,0.603,0.714,119,222,100,0.1,0,489.667,993
0.98,0.826,0.844,8,37,0.84,0.5,1.0,0.67,0.853,0.708,270,365,100,0.1,0,143.937,994
1.0,0.767,0.764,24,54,0.91,0.49,1.0,0.66,0.805,0.829,413,552,100,0.1,0,34.225,995
1.0,0.742,0.719,7,43,0.92,0.49,1.0,1.0,0.882,0.695,172,358,100,0.1,0,49.211,996
1.0,0.78,0.789,11,62,0.67,0.02,0.9,0.6,0.691,0.759,412,494,100,0.1,0,218.185,997
0.99,0.753,0.78,38,71,0.73,0.36,0.63,0.51,0.711,0.798,324,368,100,0.1,0,56.785,998
1.0,0.573,0.499,14,49,0.98,0.47,0.93,0.5,0.861,0.813,112,180,100,0.1,0,67.632,999
